Copyright 1986-2022 Xilinx, Inc. All Rights Reserved. Copyright 2022-2024 Advanced Micro Devices, Inc. All Rights Reserved.
------------------------------------------------------------------------------------------------------------------------------------------------------------------------------------------------------
| Tool Version : Vivado v.2024.2 (win64) Build 5239630 Fri Nov 08 22:35:27 MST 2024
| Date         : Tue May 20 22:12:21 2025
| Host         : DESKTOP-IQB8PGC running 64-bit major release  (build 9200)
| Command      : report_timing_summary -max_paths 10 -report_unconstrained -file CPU_timing_summary_routed.rpt -pb CPU_timing_summary_routed.pb -rpx CPU_timing_summary_routed.rpx -warn_on_violation
| Design       : CPU
| Device       : 7a50t-csg324
| Speed File   : -3  PRODUCTION 1.23 2018-06-13
| Design State : Routed
------------------------------------------------------------------------------------------------------------------------------------------------------------------------------------------------------

Timing Summary Report

------------------------------------------------------------------------------------------------
| Timer Settings
| --------------
------------------------------------------------------------------------------------------------

  Enable Multi Corner Analysis               :  Yes
  Enable Pessimism Removal                   :  Yes
  Pessimism Removal Resolution               :  Nearest Common Node
  Enable Input Delay Default Clock           :  No
  Enable Preset / Clear Arcs                 :  No
  Disable Flight Delays                      :  No
  Ignore I/O Paths                           :  No
  Timing Early Launch at Borrowing Latches   :  No
  Borrow Time for Max Delay Exceptions       :  Yes
  Merge Timing Exceptions                    :  Yes
  Inter-SLR Compensation                     :  Conservative

  Corner  Analyze    Analyze    
  Name    Max Paths  Min Paths  
  ------  ---------  ---------  
  Slow    Yes        Yes        
  Fast    Yes        Yes        


------------------------------------------------------------------------------------------------
| Report Methodology
| ------------------
------------------------------------------------------------------------------------------------

Rule       Severity  Description                    Violations  
---------  --------  -----------------------------  ----------  
TIMING-18  Warning   Missing input or output delay  98          

Note: This report is based on the most recent report_methodology run and may not be up-to-date. Run report_methodology on the current design for the latest report.



check_timing report

Table of Contents
-----------------
1. checking no_clock (0)
2. checking constant_clock (0)
3. checking pulse_width_clock (0)
4. checking unconstrained_internal_endpoints (0)
5. checking no_input_delay (0)
6. checking no_output_delay (0)
7. checking multiple_clock (0)
8. checking generated_clocks (0)
9. checking loops (0)
10. checking partial_input_delay (1)
11. checking partial_output_delay (97)
12. checking latch_loops (0)

1. checking no_clock (0)
------------------------
 There are 0 register/latch pins with no clock.


2. checking constant_clock (0)
------------------------------
 There are 0 register/latch pins with constant_clock.


3. checking pulse_width_clock (0)
---------------------------------
 There are 0 register/latch pins which need pulse_width check


4. checking unconstrained_internal_endpoints (0)
------------------------------------------------
 There are 0 pins that are not constrained for maximum delay.

 There are 0 pins that are not constrained for maximum delay due to constant clock.


5. checking no_input_delay (0)
------------------------------
 There are 0 input ports with no input delay specified.

 There are 0 input ports with no input delay but user has a false path constraint.


6. checking no_output_delay (0)
-------------------------------
 There are 0 ports with no output delay specified.

 There are 0 ports with no output delay but user has a false path constraint

 There are 0 ports with no output delay but with a timing clock defined on it or propagating through it


7. checking multiple_clock (0)
------------------------------
 There are 0 register/latch pins with multiple clocks.


8. checking generated_clocks (0)
--------------------------------
 There are 0 generated clocks that are not connected to a clock source.


9. checking loops (0)
---------------------
 There are 0 combinational loops in the design.


10. checking partial_input_delay (1)
------------------------------------
 There is 1 input port with partial input delay specified. (HIGH)


11. checking partial_output_delay (97)
--------------------------------------
 There are 97 ports with partial output delay specified. (HIGH)


12. checking latch_loops (0)
----------------------------
 There are 0 combinational latch loops in the design through latch input



------------------------------------------------------------------------------------------------
| Design Timing Summary
| ---------------------
------------------------------------------------------------------------------------------------

    WNS(ns)      TNS(ns)  TNS Failing Endpoints  TNS Total Endpoints      WHS(ns)      THS(ns)  THS Failing Endpoints  THS Total Endpoints     WPWS(ns)     TPWS(ns)  TPWS Failing Endpoints  TPWS Total Endpoints  
    -------      -------  ---------------------  -------------------      -------      -------  ---------------------  -------------------     --------     --------  ----------------------  --------------------  
      0.034        0.000                      0                 2449        0.108        0.000                      0                 1978        3.950        0.000                       0                   797  


All user specified timing constraints are met.


------------------------------------------------------------------------------------------------
| Clock Summary
| -------------
------------------------------------------------------------------------------------------------

Clock  Waveform(ns)       Period(ns)      Frequency(MHz)
-----  ------------       ----------      --------------
CLK    {0.000 5.000}      10.000          100.000         


------------------------------------------------------------------------------------------------
| Intra Clock Table
| -----------------
------------------------------------------------------------------------------------------------

Clock             WNS(ns)      TNS(ns)  TNS Failing Endpoints  TNS Total Endpoints      WHS(ns)      THS(ns)  THS Failing Endpoints  THS Total Endpoints     WPWS(ns)     TPWS(ns)  TPWS Failing Endpoints  TPWS Total Endpoints  
-----             -------      -------  ---------------------  -------------------      -------      -------  ---------------------  -------------------     --------     --------  ----------------------  --------------------  
CLK                 0.034        0.000                      0                 2449        0.108        0.000                      0                 1978        3.950        0.000                       0                   797  


------------------------------------------------------------------------------------------------
| Inter Clock Table
| -----------------
------------------------------------------------------------------------------------------------

From Clock    To Clock          WNS(ns)      TNS(ns)  TNS Failing Endpoints  TNS Total Endpoints      WHS(ns)      THS(ns)  THS Failing Endpoints  THS Total Endpoints  
----------    --------          -------      -------  ---------------------  -------------------      -------      -------  ---------------------  -------------------  


------------------------------------------------------------------------------------------------
| Other Path Groups Table
| -----------------------
------------------------------------------------------------------------------------------------

Path Group    From Clock    To Clock          WNS(ns)      TNS(ns)  TNS Failing Endpoints  TNS Total Endpoints      WHS(ns)      THS(ns)  THS Failing Endpoints  THS Total Endpoints  
----------    ----------    --------          -------      -------  ---------------------  -------------------      -------      -------  ---------------------  -------------------  


------------------------------------------------------------------------------------------------
| User Ignored Path Table
| -----------------------
------------------------------------------------------------------------------------------------

Path Group    From Clock    To Clock    
----------    ----------    --------    


------------------------------------------------------------------------------------------------
| Unconstrained Path Table
| ------------------------
------------------------------------------------------------------------------------------------

Path Group    From Clock    To Clock    
----------    ----------    --------    
(none)        CLK                         


------------------------------------------------------------------------------------------------
| Timing Details
| --------------
------------------------------------------------------------------------------------------------


---------------------------------------------------------------------------------------------------
From Clock:  CLK
  To Clock:  CLK

Setup :            0  Failing Endpoints,  Worst Slack        0.034ns,  Total Violation        0.000ns
Hold  :            0  Failing Endpoints,  Worst Slack        0.108ns,  Total Violation        0.000ns
PW    :            0  Failing Endpoints,  Worst Slack        3.950ns,  Total Violation        0.000ns
---------------------------------------------------------------------------------------------------


Max Delay Paths
--------------------------------------------------------------------------------------
Slack (MET) :             0.034ns  (required time - arrival time)
  Source:                 ExecutionUnit/ALUResultM_reg[6]/C
                            (rising edge-triggered cell FDRE clocked by CLK  {rise@0.000ns fall@5.000ns period=10.000ns})
  Destination:            ALUResult[6]
                            (output port clocked by CLK  {rise@0.000ns fall@5.000ns period=10.000ns})
  Path Group:             CLK
  Path Type:              Max at Slow Process Corner
  Requirement:            10.000ns  (CLK rise@10.000ns - CLK rise@0.000ns)
  Data Path Delay:        5.293ns  (logic 2.592ns (48.976%)  route 2.701ns (51.024%))
  Logic Levels:           1  (OBUF=1)
  Output Delay:           0.500ns
  Clock Path Skew:        -4.138ns (DCD - SCD + CPR)
    Destination Clock Delay (DCD):    0.000ns = ( 10.000 - 10.000 ) 
    Source Clock Delay      (SCD):    4.138ns
    Clock Pessimism Removal (CPR):    0.000ns
  Clock Uncertainty:      0.035ns  ((TSJ^2 + TIJ^2)^1/2 + DJ) / 2 + PE
    Total System Jitter     (TSJ):    0.071ns
    Total Input Jitter      (TIJ):    0.000ns
    Discrete Jitter          (DJ):    0.000ns
    Phase Error              (PE):    0.000ns

    Location             Delay type                Incr(ns)  Path(ns)    Netlist Resource(s)
  -------------------------------------------------------------------    -------------------
                         (clock CLK rise edge)        0.000     0.000 r  
    E3                                                0.000     0.000 r  CLK (IN)
                         net (fo=0)                   0.000     0.000    CLK
    E3                   IBUF (Prop_ibuf_I_O)         1.337     1.337 r  CLK_IBUF_inst/O
                         net (fo=1, routed)           1.497     2.834    CLK_IBUF
    BUFGCTRL_X0Y16       BUFG (Prop_bufg_I_O)         0.076     2.910 r  CLK_IBUF_BUFG_inst/O
                         net (fo=796, routed)         1.227     4.138    ExecutionUnit/CLK_IBUF_BUFG
    SLICE_X35Y20         FDRE                                         r  ExecutionUnit/ALUResultM_reg[6]/C
  -------------------------------------------------------------------    -------------------
    SLICE_X35Y20         FDRE (Prop_fdre_C_Q)         0.341     4.479 r  ExecutionUnit/ALUResultM_reg[6]/Q
                         net (fo=10, routed)          2.701     7.179    ALUResult_OBUF[6]
    U14                  OBUF (Prop_obuf_I_O)         2.251     9.430 r  ALUResult_OBUF[6]_inst/O
                         net (fo=0)                   0.000     9.430    ALUResult[6]
    U14                                                               r  ALUResult[6] (OUT)
  -------------------------------------------------------------------    -------------------

                         (clock CLK rise edge)       10.000    10.000 r  
                         clock pessimism              0.000    10.000    
                         clock uncertainty           -0.035     9.965    
                         output delay                -0.500     9.465    
  -------------------------------------------------------------------
                         required time                          9.465    
                         arrival time                          -9.430    
  -------------------------------------------------------------------
                         slack                                  0.034    

Slack (MET) :             0.075ns  (required time - arrival time)
  Source:                 ExecutionUnit/ALUResultM_reg[27]/C
                            (rising edge-triggered cell FDRE clocked by CLK  {rise@0.000ns fall@5.000ns period=10.000ns})
  Destination:            ALUResult[27]
                            (output port clocked by CLK  {rise@0.000ns fall@5.000ns period=10.000ns})
  Path Group:             CLK
  Path Type:              Max at Slow Process Corner
  Requirement:            10.000ns  (CLK rise@10.000ns - CLK rise@0.000ns)
  Data Path Delay:        5.247ns  (logic 2.588ns (49.323%)  route 2.659ns (50.677%))
  Logic Levels:           1  (OBUF=1)
  Output Delay:           0.500ns
  Clock Path Skew:        -4.143ns (DCD - SCD + CPR)
    Destination Clock Delay (DCD):    0.000ns = ( 10.000 - 10.000 ) 
    Source Clock Delay      (SCD):    4.143ns
    Clock Pessimism Removal (CPR):    0.000ns
  Clock Uncertainty:      0.035ns  ((TSJ^2 + TIJ^2)^1/2 + DJ) / 2 + PE
    Total System Jitter     (TSJ):    0.071ns
    Total Input Jitter      (TIJ):    0.000ns
    Discrete Jitter          (DJ):    0.000ns
    Phase Error              (PE):    0.000ns

    Location             Delay type                Incr(ns)  Path(ns)    Netlist Resource(s)
  -------------------------------------------------------------------    -------------------
                         (clock CLK rise edge)        0.000     0.000 r  
    E3                                                0.000     0.000 r  CLK (IN)
                         net (fo=0)                   0.000     0.000    CLK
    E3                   IBUF (Prop_ibuf_I_O)         1.337     1.337 r  CLK_IBUF_inst/O
                         net (fo=1, routed)           1.497     2.834    CLK_IBUF
    BUFGCTRL_X0Y16       BUFG (Prop_bufg_I_O)         0.076     2.910 r  CLK_IBUF_BUFG_inst/O
                         net (fo=796, routed)         1.233     4.143    ExecutionUnit/CLK_IBUF_BUFG
    SLICE_X41Y31         FDRE                                         r  ExecutionUnit/ALUResultM_reg[27]/C
  -------------------------------------------------------------------    -------------------
    SLICE_X41Y31         FDRE (Prop_fdre_C_Q)         0.341     4.484 r  ExecutionUnit/ALUResultM_reg[27]/Q
                         net (fo=8, routed)           2.659     7.143    ALUResult_OBUF[27]
    N16                  OBUF (Prop_obuf_I_O)         2.247     9.390 r  ALUResult_OBUF[27]_inst/O
                         net (fo=0)                   0.000     9.390    ALUResult[27]
    N16                                                               r  ALUResult[27] (OUT)
  -------------------------------------------------------------------    -------------------

                         (clock CLK rise edge)       10.000    10.000 r  
                         clock pessimism              0.000    10.000    
                         clock uncertainty           -0.035     9.965    
                         output delay                -0.500     9.465    
  -------------------------------------------------------------------
                         required time                          9.465    
                         arrival time                          -9.390    
  -------------------------------------------------------------------
                         slack                                  0.075    

Slack (MET) :             0.086ns  (required time - arrival time)
  Source:                 ExecutionUnit/ALUResultM_reg[16]/C
                            (rising edge-triggered cell FDRE clocked by CLK  {rise@0.000ns fall@5.000ns period=10.000ns})
  Destination:            ALUResult[16]
                            (output port clocked by CLK  {rise@0.000ns fall@5.000ns period=10.000ns})
  Path Group:             CLK
  Path Type:              Max at Slow Process Corner
  Requirement:            10.000ns  (CLK rise@10.000ns - CLK rise@0.000ns)
  Data Path Delay:        5.241ns  (logic 2.597ns (49.552%)  route 2.644ns (50.448%))
  Logic Levels:           1  (OBUF=1)
  Output Delay:           0.500ns
  Clock Path Skew:        -4.138ns (DCD - SCD + CPR)
    Destination Clock Delay (DCD):    0.000ns = ( 10.000 - 10.000 ) 
    Source Clock Delay      (SCD):    4.138ns
    Clock Pessimism Removal (CPR):    0.000ns
  Clock Uncertainty:      0.035ns  ((TSJ^2 + TIJ^2)^1/2 + DJ) / 2 + PE
    Total System Jitter     (TSJ):    0.071ns
    Total Input Jitter      (TIJ):    0.000ns
    Discrete Jitter          (DJ):    0.000ns
    Phase Error              (PE):    0.000ns

    Location             Delay type                Incr(ns)  Path(ns)    Netlist Resource(s)
  -------------------------------------------------------------------    -------------------
                         (clock CLK rise edge)        0.000     0.000 r  
    E3                                                0.000     0.000 r  CLK (IN)
                         net (fo=0)                   0.000     0.000    CLK
    E3                   IBUF (Prop_ibuf_I_O)         1.337     1.337 r  CLK_IBUF_inst/O
                         net (fo=1, routed)           1.497     2.834    CLK_IBUF
    BUFGCTRL_X0Y16       BUFG (Prop_bufg_I_O)         0.076     2.910 r  CLK_IBUF_BUFG_inst/O
                         net (fo=796, routed)         1.227     4.138    ExecutionUnit/CLK_IBUF_BUFG
    SLICE_X39Y28         FDRE                                         r  ExecutionUnit/ALUResultM_reg[16]/C
  -------------------------------------------------------------------    -------------------
    SLICE_X39Y28         FDRE (Prop_fdre_C_Q)         0.341     4.479 r  ExecutionUnit/ALUResultM_reg[16]/Q
                         net (fo=8, routed)           2.644     7.123    ALUResult_OBUF[16]
    U17                  OBUF (Prop_obuf_I_O)         2.256     9.379 r  ALUResult_OBUF[16]_inst/O
                         net (fo=0)                   0.000     9.379    ALUResult[16]
    U17                                                               r  ALUResult[16] (OUT)
  -------------------------------------------------------------------    -------------------

                         (clock CLK rise edge)       10.000    10.000 r  
                         clock pessimism              0.000    10.000    
                         clock uncertainty           -0.035     9.965    
                         output delay                -0.500     9.465    
  -------------------------------------------------------------------
                         required time                          9.465    
                         arrival time                          -9.379    
  -------------------------------------------------------------------
                         slack                                  0.086    

Slack (MET) :             0.088ns  (required time - arrival time)
  Source:                 ExecutionUnit/ALUResultM_reg[23]/C
                            (rising edge-triggered cell FDRE clocked by CLK  {rise@0.000ns fall@5.000ns period=10.000ns})
  Destination:            ALUResult[23]
                            (output port clocked by CLK  {rise@0.000ns fall@5.000ns period=10.000ns})
  Path Group:             CLK
  Path Type:              Max at Slow Process Corner
  Requirement:            10.000ns  (CLK rise@10.000ns - CLK rise@0.000ns)
  Data Path Delay:        5.234ns  (logic 2.633ns (50.303%)  route 2.601ns (49.697%))
  Logic Levels:           1  (OBUF=1)
  Output Delay:           0.500ns
  Clock Path Skew:        -4.143ns (DCD - SCD + CPR)
    Destination Clock Delay (DCD):    0.000ns = ( 10.000 - 10.000 ) 
    Source Clock Delay      (SCD):    4.143ns
    Clock Pessimism Removal (CPR):    0.000ns
  Clock Uncertainty:      0.035ns  ((TSJ^2 + TIJ^2)^1/2 + DJ) / 2 + PE
    Total System Jitter     (TSJ):    0.071ns
    Total Input Jitter      (TIJ):    0.000ns
    Discrete Jitter          (DJ):    0.000ns
    Phase Error              (PE):    0.000ns

    Location             Delay type                Incr(ns)  Path(ns)    Netlist Resource(s)
  -------------------------------------------------------------------    -------------------
                         (clock CLK rise edge)        0.000     0.000 r  
    E3                                                0.000     0.000 r  CLK (IN)
                         net (fo=0)                   0.000     0.000    CLK
    E3                   IBUF (Prop_ibuf_I_O)         1.337     1.337 r  CLK_IBUF_inst/O
                         net (fo=1, routed)           1.497     2.834    CLK_IBUF
    BUFGCTRL_X0Y16       BUFG (Prop_bufg_I_O)         0.076     2.910 r  CLK_IBUF_BUFG_inst/O
                         net (fo=796, routed)         1.233     4.143    ExecutionUnit/CLK_IBUF_BUFG
    SLICE_X42Y31         FDRE                                         r  ExecutionUnit/ALUResultM_reg[23]/C
  -------------------------------------------------------------------    -------------------
    SLICE_X42Y31         FDRE (Prop_fdre_C_Q)         0.393     4.536 r  ExecutionUnit/ALUResultM_reg[23]/Q
                         net (fo=8, routed)           2.601     7.137    ALUResult_OBUF[23]
    R15                  OBUF (Prop_obuf_I_O)         2.240     9.377 r  ALUResult_OBUF[23]_inst/O
                         net (fo=0)                   0.000     9.377    ALUResult[23]
    R15                                                               r  ALUResult[23] (OUT)
  -------------------------------------------------------------------    -------------------

                         (clock CLK rise edge)       10.000    10.000 r  
                         clock pessimism              0.000    10.000    
                         clock uncertainty           -0.035     9.965    
                         output delay                -0.500     9.465    
  -------------------------------------------------------------------
                         required time                          9.465    
                         arrival time                          -9.377    
  -------------------------------------------------------------------
                         slack                                  0.088    

Slack (MET) :             0.121ns  (required time - arrival time)
  Source:                 ExecutionUnit/ALUResultM_reg[24]/C
                            (rising edge-triggered cell FDRE clocked by CLK  {rise@0.000ns fall@5.000ns period=10.000ns})
  Destination:            ALUResult[24]
                            (output port clocked by CLK  {rise@0.000ns fall@5.000ns period=10.000ns})
  Path Group:             CLK
  Path Type:              Max at Slow Process Corner
  Requirement:            10.000ns  (CLK rise@10.000ns - CLK rise@0.000ns)
  Data Path Delay:        5.203ns  (logic 2.627ns (50.495%)  route 2.576ns (49.505%))
  Logic Levels:           1  (OBUF=1)
  Output Delay:           0.500ns
  Clock Path Skew:        -4.141ns (DCD - SCD + CPR)
    Destination Clock Delay (DCD):    0.000ns = ( 10.000 - 10.000 ) 
    Source Clock Delay      (SCD):    4.141ns
    Clock Pessimism Removal (CPR):    0.000ns
  Clock Uncertainty:      0.035ns  ((TSJ^2 + TIJ^2)^1/2 + DJ) / 2 + PE
    Total System Jitter     (TSJ):    0.071ns
    Total Input Jitter      (TIJ):    0.000ns
    Discrete Jitter          (DJ):    0.000ns
    Phase Error              (PE):    0.000ns

    Location             Delay type                Incr(ns)  Path(ns)    Netlist Resource(s)
  -------------------------------------------------------------------    -------------------
                         (clock CLK rise edge)        0.000     0.000 r  
    E3                                                0.000     0.000 r  CLK (IN)
                         net (fo=0)                   0.000     0.000    CLK
    E3                   IBUF (Prop_ibuf_I_O)         1.337     1.337 r  CLK_IBUF_inst/O
                         net (fo=1, routed)           1.497     2.834    CLK_IBUF
    BUFGCTRL_X0Y16       BUFG (Prop_bufg_I_O)         0.076     2.910 r  CLK_IBUF_BUFG_inst/O
                         net (fo=796, routed)         1.230     4.141    ExecutionUnit/CLK_IBUF_BUFG
    SLICE_X38Y30         FDRE                                         r  ExecutionUnit/ALUResultM_reg[24]/C
  -------------------------------------------------------------------    -------------------
    SLICE_X38Y30         FDRE (Prop_fdre_C_Q)         0.393     4.534 r  ExecutionUnit/ALUResultM_reg[24]/Q
                         net (fo=8, routed)           2.576     7.109    ALUResult_OBUF[24]
    P15                  OBUF (Prop_obuf_I_O)         2.234     9.344 r  ALUResult_OBUF[24]_inst/O
                         net (fo=0)                   0.000     9.344    ALUResult[24]
    P15                                                               r  ALUResult[24] (OUT)
  -------------------------------------------------------------------    -------------------

                         (clock CLK rise edge)       10.000    10.000 r  
                         clock pessimism              0.000    10.000    
                         clock uncertainty           -0.035     9.965    
                         output delay                -0.500     9.465    
  -------------------------------------------------------------------
                         required time                          9.465    
                         arrival time                          -9.344    
  -------------------------------------------------------------------
                         slack                                  0.121    

Slack (MET) :             0.126ns  (required time - arrival time)
  Source:                 ExecutionUnit/ALUResultM_reg[25]/C
                            (rising edge-triggered cell FDRE clocked by CLK  {rise@0.000ns fall@5.000ns period=10.000ns})
  Destination:            ALUResult[25]
                            (output port clocked by CLK  {rise@0.000ns fall@5.000ns period=10.000ns})
  Path Group:             CLK
  Path Type:              Max at Slow Process Corner
  Requirement:            10.000ns  (CLK rise@10.000ns - CLK rise@0.000ns)
  Data Path Delay:        5.196ns  (logic 2.586ns (49.776%)  route 2.610ns (50.224%))
  Logic Levels:           1  (OBUF=1)
  Output Delay:           0.500ns
  Clock Path Skew:        -4.143ns (DCD - SCD + CPR)
    Destination Clock Delay (DCD):    0.000ns = ( 10.000 - 10.000 ) 
    Source Clock Delay      (SCD):    4.143ns
    Clock Pessimism Removal (CPR):    0.000ns
  Clock Uncertainty:      0.035ns  ((TSJ^2 + TIJ^2)^1/2 + DJ) / 2 + PE
    Total System Jitter     (TSJ):    0.071ns
    Total Input Jitter      (TIJ):    0.000ns
    Discrete Jitter          (DJ):    0.000ns
    Phase Error              (PE):    0.000ns

    Location             Delay type                Incr(ns)  Path(ns)    Netlist Resource(s)
  -------------------------------------------------------------------    -------------------
                         (clock CLK rise edge)        0.000     0.000 r  
    E3                                                0.000     0.000 r  CLK (IN)
                         net (fo=0)                   0.000     0.000    CLK
    E3                   IBUF (Prop_ibuf_I_O)         1.337     1.337 r  CLK_IBUF_inst/O
                         net (fo=1, routed)           1.497     2.834    CLK_IBUF
    BUFGCTRL_X0Y16       BUFG (Prop_bufg_I_O)         0.076     2.910 r  CLK_IBUF_BUFG_inst/O
                         net (fo=796, routed)         1.233     4.143    ExecutionUnit/CLK_IBUF_BUFG
    SLICE_X45Y31         FDRE                                         r  ExecutionUnit/ALUResultM_reg[25]/C
  -------------------------------------------------------------------    -------------------
    SLICE_X45Y31         FDRE (Prop_fdre_C_Q)         0.341     4.484 r  ExecutionUnit/ALUResultM_reg[25]/Q
                         net (fo=8, routed)           2.610     7.093    ALUResult_OBUF[25]
    R17                  OBUF (Prop_obuf_I_O)         2.245     9.338 r  ALUResult_OBUF[25]_inst/O
                         net (fo=0)                   0.000     9.338    ALUResult[25]
    R17                                                               r  ALUResult[25] (OUT)
  -------------------------------------------------------------------    -------------------

                         (clock CLK rise edge)       10.000    10.000 r  
                         clock pessimism              0.000    10.000    
                         clock uncertainty           -0.035     9.965    
                         output delay                -0.500     9.465    
  -------------------------------------------------------------------
                         required time                          9.465    
                         arrival time                          -9.338    
  -------------------------------------------------------------------
                         slack                                  0.126    

Slack (MET) :             0.138ns  (required time - arrival time)
  Source:                 <hidden>
                            (rising edge-triggered cell RAMB18E1 clocked by CLK  {rise@0.000ns fall@5.000ns period=10.000ns})
  Destination:            ExecutionUnit/Multiplier/C13_reg_reg[43]/D
                            (rising edge-triggered cell FDRE clocked by CLK  {rise@0.000ns fall@5.000ns period=10.000ns})
  Path Group:             CLK
  Path Type:              Setup (Max at Slow Process Corner)
  Requirement:            10.000ns  (CLK rise@10.000ns - CLK rise@0.000ns)
  Data Path Delay:        9.734ns  (logic 3.760ns (38.626%)  route 5.974ns (61.374%))
  Logic Levels:           13  (CARRY4=2 LUT1=1 LUT2=1 LUT4=2 LUT5=3 LUT6=3 MUXF7=1)
  Clock Path Skew:        -0.122ns (DCD - SCD + CPR)
    Destination Clock Delay (DCD):    3.896ns = ( 13.896 - 10.000 ) 
    Source Clock Delay      (SCD):    4.178ns
    Clock Pessimism Removal (CPR):    0.160ns
  Clock Uncertainty:      0.035ns  ((TSJ^2 + TIJ^2)^1/2 + DJ) / 2 + PE
    Total System Jitter     (TSJ):    0.071ns
    Total Input Jitter      (TIJ):    0.000ns
    Discrete Jitter          (DJ):    0.000ns
    Phase Error              (PE):    0.000ns

    Location             Delay type                Incr(ns)  Path(ns)    Netlist Resource(s)
  -------------------------------------------------------------------    -------------------
                         (clock CLK rise edge)        0.000     0.000 r  
    E3                                                0.000     0.000 r  CLK (IN)
                         net (fo=0)                   0.000     0.000    CLK
    E3                   IBUF (Prop_ibuf_I_O)         1.337     1.337 r  CLK_IBUF_inst/O
                         net (fo=1, routed)           1.497     2.834    CLK_IBUF
    BUFGCTRL_X0Y16       BUFG (Prop_bufg_I_O)         0.076     2.910 r  CLK_IBUF_BUFG_inst/O
                         net (fo=796, routed)         1.267     4.178    <hidden>
    RAMB18_X0Y10         RAMB18E1                                     r  <hidden>
  -------------------------------------------------------------------    -------------------
    RAMB18_X0Y10         RAMB18E1 (Prop_ramb18e1_CLKARDCLK_DOADO[7])
                                                      1.846     6.024 f  <hidden>
                         net (fo=25, routed)          0.754     6.777    MemoryAccessUnit/ReadDataW[7]
    SLICE_X9Y26          LUT5 (Prop_lut5_I0_O)        0.097     6.874 r  MemoryAccessUnit/registers_reg_r1_0_31_12_17_i_16/O
                         net (fo=1, routed)           0.348     7.223    MemoryAccessUnit/registers_reg_r1_0_31_12_17_i_16_n_0
    SLICE_X9Y24          LUT5 (Prop_lut5_I0_O)        0.097     7.320 f  MemoryAccessUnit/registers_reg_r1_0_31_12_17_i_8/O
                         net (fo=5, routed)           0.446     7.765    InstructionDecodeUnit/Q_reg[12]
    SLICE_X13Y25         LUT6 (Prop_lut6_I4_O)        0.097     7.862 f  InstructionDecodeUnit/out0_carry__2_i_4/O
                         net (fo=58, routed)          0.258     8.121    InstructionDecodeUnit/SrcAE[11]
    SLICE_X15Y24         LUT1 (Prop_lut1_I0_O)        0.097     8.218 r  InstructionDecodeUnit/S13_reg[41]_i_31/O
                         net (fo=1, routed)           0.000     8.218    InstructionDecodeUnit/S13_reg[41]_i_31_n_0
    SLICE_X15Y24         CARRY4 (Prop_carry4_S[3]_CO[3])
                                                      0.299     8.517 r  InstructionDecodeUnit/S13_reg_reg[41]_i_21/CO[3]
                         net (fo=1, routed)           0.007     8.524    InstructionDecodeUnit/S13_reg_reg[41]_i_21_n_0
    SLICE_X15Y25         CARRY4 (Prop_carry4_CI_O[3])
                                                      0.234     8.758 r  InstructionDecodeUnit/S13_reg_reg[41]_i_22/O[3]
                         net (fo=34, routed)          0.948     9.706    InstructionDecodeUnit/ExecutionUnit/Multiplier/data2[17]
    SLICE_X14Y41         LUT4 (Prop_lut4_I3_O)        0.234     9.940 r  InstructionDecodeUnit/S13_reg[42]_i_24/O
                         net (fo=1, routed)           0.000     9.940    InstructionDecodeUnit/S13_reg[42]_i_24_n_0
    SLICE_X14Y41         MUXF7 (Prop_muxf7_I0_O)      0.156    10.096 r  InstructionDecodeUnit/S13_reg_reg[42]_i_7/O
                         net (fo=5, routed)           0.874    10.970    InstructionDecodeUnit/S13_reg_reg[42]_i_7_n_0
    SLICE_X35Y39         LUT4 (Prop_lut4_I3_O)        0.215    11.185 r  InstructionDecodeUnit/S13_reg[42]_i_8/O
                         net (fo=4, routed)           0.623    11.807    InstructionDecodeUnit/ExecutionUnit/Multiplier/csa5/Sum1235_out
    SLICE_X35Y39         LUT5 (Prop_lut5_I1_O)        0.097    11.904 r  InstructionDecodeUnit/S13_reg[42]_i_20/O
                         net (fo=3, routed)           0.591    12.495    InstructionDecodeUnit/ExecutionUnit/Multiplier/C7[40]
    SLICE_X32Y43         LUT2 (Prop_lut2_I0_O)        0.097    12.592 r  InstructionDecodeUnit/S13_reg[43]_i_14/O
                         net (fo=2, routed)           0.618    13.210    InstructionDecodeUnit/ExecutionUnit/Multiplier/S9[41]
    SLICE_X35Y42         LUT6 (Prop_lut6_I3_O)        0.097    13.307 r  InstructionDecodeUnit/S13_reg[43]_i_4/O
                         net (fo=4, routed)           0.508    13.815    InstructionDecodeUnit/ExecutionUnit/Multiplier/csa13/Sum1247_out
    SLICE_X37Y42         LUT6 (Prop_lut6_I2_O)        0.097    13.912 r  InstructionDecodeUnit/C13_reg[43]_i_1/O
                         net (fo=1, routed)           0.000    13.912    ExecutionUnit/Multiplier/C13_reg_reg[62]_0[36]
    SLICE_X37Y42         FDRE                                         r  ExecutionUnit/Multiplier/C13_reg_reg[43]/D
  -------------------------------------------------------------------    -------------------

                         (clock CLK rise edge)       10.000    10.000 r  
    E3                                                0.000    10.000 r  CLK (IN)
                         net (fo=0)                   0.000    10.000    CLK
    E3                   IBUF (Prop_ibuf_I_O)         1.270    11.270 r  CLK_IBUF_inst/O
                         net (fo=1, routed)           1.415    12.685    CLK_IBUF
    BUFGCTRL_X0Y16       BUFG (Prop_bufg_I_O)         0.072    12.757 r  CLK_IBUF_BUFG_inst/O
                         net (fo=796, routed)         1.139    13.896    ExecutionUnit/Multiplier/CLK_IBUF_BUFG
    SLICE_X37Y42         FDRE                                         r  ExecutionUnit/Multiplier/C13_reg_reg[43]/C
                         clock pessimism              0.160    14.055    
                         clock uncertainty           -0.035    14.020    
    SLICE_X37Y42         FDRE (Setup_fdre_C_D)        0.030    14.050    ExecutionUnit/Multiplier/C13_reg_reg[43]
  -------------------------------------------------------------------
                         required time                         14.050    
                         arrival time                         -13.912    
  -------------------------------------------------------------------
                         slack                                  0.138    

Slack (MET) :             0.147ns  (required time - arrival time)
  Source:                 ExecutionUnit/ALUResultM_reg[30]/C
                            (rising edge-triggered cell FDRE clocked by CLK  {rise@0.000ns fall@5.000ns period=10.000ns})
  Destination:            ALUResult[30]
                            (output port clocked by CLK  {rise@0.000ns fall@5.000ns period=10.000ns})
  Path Group:             CLK
  Path Type:              Max at Slow Process Corner
  Requirement:            10.000ns  (CLK rise@10.000ns - CLK rise@0.000ns)
  Data Path Delay:        5.174ns  (logic 2.575ns (49.773%)  route 2.599ns (50.227%))
  Logic Levels:           1  (OBUF=1)
  Output Delay:           0.500ns
  Clock Path Skew:        -4.144ns (DCD - SCD + CPR)
    Destination Clock Delay (DCD):    0.000ns = ( 10.000 - 10.000 ) 
    Source Clock Delay      (SCD):    4.144ns
    Clock Pessimism Removal (CPR):    0.000ns
  Clock Uncertainty:      0.035ns  ((TSJ^2 + TIJ^2)^1/2 + DJ) / 2 + PE
    Total System Jitter     (TSJ):    0.071ns
    Total Input Jitter      (TIJ):    0.000ns
    Discrete Jitter          (DJ):    0.000ns
    Phase Error              (PE):    0.000ns

    Location             Delay type                Incr(ns)  Path(ns)    Netlist Resource(s)
  -------------------------------------------------------------------    -------------------
                         (clock CLK rise edge)        0.000     0.000 r  
    E3                                                0.000     0.000 r  CLK (IN)
                         net (fo=0)                   0.000     0.000    CLK
    E3                   IBUF (Prop_ibuf_I_O)         1.337     1.337 r  CLK_IBUF_inst/O
                         net (fo=1, routed)           1.497     2.834    CLK_IBUF
    BUFGCTRL_X0Y16       BUFG (Prop_bufg_I_O)         0.076     2.910 r  CLK_IBUF_BUFG_inst/O
                         net (fo=796, routed)         1.234     4.144    ExecutionUnit/CLK_IBUF_BUFG
    SLICE_X41Y32         FDRE                                         r  ExecutionUnit/ALUResultM_reg[30]/C
  -------------------------------------------------------------------    -------------------
    SLICE_X41Y32         FDRE (Prop_fdre_C_Q)         0.341     4.485 r  ExecutionUnit/ALUResultM_reg[30]/Q
                         net (fo=8, routed)           2.599     7.083    ALUResult_OBUF[30]
    M16                  OBUF (Prop_obuf_I_O)         2.234     9.317 r  ALUResult_OBUF[30]_inst/O
                         net (fo=0)                   0.000     9.317    ALUResult[30]
    M16                                                               r  ALUResult[30] (OUT)
  -------------------------------------------------------------------    -------------------

                         (clock CLK rise edge)       10.000    10.000 r  
                         clock pessimism              0.000    10.000    
                         clock uncertainty           -0.035     9.965    
                         output delay                -0.500     9.465    
  -------------------------------------------------------------------
                         required time                          9.465    
                         arrival time                          -9.317    
  -------------------------------------------------------------------
                         slack                                  0.147    

Slack (MET) :             0.154ns  (required time - arrival time)
  Source:                 ExecutionUnit/ALUResultM_reg[12]/C
                            (rising edge-triggered cell FDRE clocked by CLK  {rise@0.000ns fall@5.000ns period=10.000ns})
  Destination:            ALUResult[12]
                            (output port clocked by CLK  {rise@0.000ns fall@5.000ns period=10.000ns})
  Path Group:             CLK
  Path Type:              Max at Slow Process Corner
  Requirement:            10.000ns  (CLK rise@10.000ns - CLK rise@0.000ns)
  Data Path Delay:        5.178ns  (logic 2.594ns (50.095%)  route 2.584ns (49.905%))
  Logic Levels:           1  (OBUF=1)
  Output Delay:           0.500ns
  Clock Path Skew:        -4.133ns (DCD - SCD + CPR)
    Destination Clock Delay (DCD):    0.000ns = ( 10.000 - 10.000 ) 
    Source Clock Delay      (SCD):    4.133ns
    Clock Pessimism Removal (CPR):    0.000ns
  Clock Uncertainty:      0.035ns  ((TSJ^2 + TIJ^2)^1/2 + DJ) / 2 + PE
    Total System Jitter     (TSJ):    0.071ns
    Total Input Jitter      (TIJ):    0.000ns
    Discrete Jitter          (DJ):    0.000ns
    Phase Error              (PE):    0.000ns

    Location             Delay type                Incr(ns)  Path(ns)    Netlist Resource(s)
  -------------------------------------------------------------------    -------------------
                         (clock CLK rise edge)        0.000     0.000 r  
    E3                                                0.000     0.000 r  CLK (IN)
                         net (fo=0)                   0.000     0.000    CLK
    E3                   IBUF (Prop_ibuf_I_O)         1.337     1.337 r  CLK_IBUF_inst/O
                         net (fo=1, routed)           1.497     2.834    CLK_IBUF
    BUFGCTRL_X0Y16       BUFG (Prop_bufg_I_O)         0.076     2.910 r  CLK_IBUF_BUFG_inst/O
                         net (fo=796, routed)         1.222     4.133    ExecutionUnit/CLK_IBUF_BUFG
    SLICE_X35Y23         FDRE                                         r  ExecutionUnit/ALUResultM_reg[12]/C
  -------------------------------------------------------------------    -------------------
    SLICE_X35Y23         FDRE (Prop_fdre_C_Q)         0.341     4.474 r  ExecutionUnit/ALUResultM_reg[12]/Q
                         net (fo=5, routed)           2.584     7.058    ALUResult_OBUF[12]
    T11                  OBUF (Prop_obuf_I_O)         2.253     9.311 r  ALUResult_OBUF[12]_inst/O
                         net (fo=0)                   0.000     9.311    ALUResult[12]
    T11                                                               r  ALUResult[12] (OUT)
  -------------------------------------------------------------------    -------------------

                         (clock CLK rise edge)       10.000    10.000 r  
                         clock pessimism              0.000    10.000    
                         clock uncertainty           -0.035     9.965    
                         output delay                -0.500     9.465    
  -------------------------------------------------------------------
                         required time                          9.465    
                         arrival time                          -9.311    
  -------------------------------------------------------------------
                         slack                                  0.154    

Slack (MET) :             0.186ns  (required time - arrival time)
  Source:                 ExecutionUnit/ALUResultM_reg[5]/C
                            (rising edge-triggered cell FDRE clocked by CLK  {rise@0.000ns fall@5.000ns period=10.000ns})
  Destination:            ALUResult[5]
                            (output port clocked by CLK  {rise@0.000ns fall@5.000ns period=10.000ns})
  Path Group:             CLK
  Path Type:              Max at Slow Process Corner
  Requirement:            10.000ns  (CLK rise@10.000ns - CLK rise@0.000ns)
  Data Path Delay:        5.141ns  (logic 2.644ns (51.426%)  route 2.497ns (48.574%))
  Logic Levels:           1  (OBUF=1)
  Output Delay:           0.500ns
  Clock Path Skew:        -4.138ns (DCD - SCD + CPR)
    Destination Clock Delay (DCD):    0.000ns = ( 10.000 - 10.000 ) 
    Source Clock Delay      (SCD):    4.138ns
    Clock Pessimism Removal (CPR):    0.000ns
  Clock Uncertainty:      0.035ns  ((TSJ^2 + TIJ^2)^1/2 + DJ) / 2 + PE
    Total System Jitter     (TSJ):    0.071ns
    Total Input Jitter      (TIJ):    0.000ns
    Discrete Jitter          (DJ):    0.000ns
    Phase Error              (PE):    0.000ns

    Location             Delay type                Incr(ns)  Path(ns)    Netlist Resource(s)
  -------------------------------------------------------------------    -------------------
                         (clock CLK rise edge)        0.000     0.000 r  
    E3                                                0.000     0.000 r  CLK (IN)
                         net (fo=0)                   0.000     0.000    CLK
    E3                   IBUF (Prop_ibuf_I_O)         1.337     1.337 r  CLK_IBUF_inst/O
                         net (fo=1, routed)           1.497     2.834    CLK_IBUF
    BUFGCTRL_X0Y16       BUFG (Prop_bufg_I_O)         0.076     2.910 r  CLK_IBUF_BUFG_inst/O
                         net (fo=796, routed)         1.227     4.138    ExecutionUnit/CLK_IBUF_BUFG
    SLICE_X34Y20         FDRE                                         r  ExecutionUnit/ALUResultM_reg[5]/C
  -------------------------------------------------------------------    -------------------
    SLICE_X34Y20         FDRE (Prop_fdre_C_Q)         0.393     4.531 r  ExecutionUnit/ALUResultM_reg[5]/Q
                         net (fo=10, routed)          2.497     7.028    ALUResult_OBUF[5]
    V14                  OBUF (Prop_obuf_I_O)         2.251     9.278 r  ALUResult_OBUF[5]_inst/O
                         net (fo=0)                   0.000     9.278    ALUResult[5]
    V14                                                               r  ALUResult[5] (OUT)
  -------------------------------------------------------------------    -------------------

                         (clock CLK rise edge)       10.000    10.000 r  
                         clock pessimism              0.000    10.000    
                         clock uncertainty           -0.035     9.965    
                         output delay                -0.500     9.465    
  -------------------------------------------------------------------
                         required time                          9.465    
                         arrival time                          -9.278    
  -------------------------------------------------------------------
                         slack                                  0.186    





Min Delay Paths
--------------------------------------------------------------------------------------
Slack (MET) :             0.108ns  (arrival time - required time)
  Source:                 InstructionFetchUnit/InstrD_reg[4]/C
                            (rising edge-triggered cell FDRE clocked by CLK  {rise@0.000ns fall@5.000ns period=10.000ns})
  Destination:            InstructionDecodeUnit/ALUSrcE_reg/D
                            (rising edge-triggered cell FDRE clocked by CLK  {rise@0.000ns fall@5.000ns period=10.000ns})
  Path Group:             CLK
  Path Type:              Hold (Min at Fast Process Corner)
  Requirement:            0.000ns  (CLK rise@0.000ns - CLK rise@0.000ns)
  Data Path Delay:        0.459ns  (logic 0.226ns (49.217%)  route 0.233ns (50.783%))
  Logic Levels:           1  (LUT4=1)
  Clock Path Skew:        0.259ns (DCD - SCD - CPR)
    Destination Clock Delay (DCD):    1.982ns
    Source Clock Delay      (SCD):    1.473ns
    Clock Pessimism Removal (CPR):    0.250ns

    Location             Delay type                Incr(ns)  Path(ns)    Netlist Resource(s)
  -------------------------------------------------------------------    -------------------
                         (clock CLK rise edge)        0.000     0.000 r  
    E3                                                0.000     0.000 r  CLK (IN)
                         net (fo=0)                   0.000     0.000    CLK
    E3                   IBUF (Prop_ibuf_I_O)         0.257     0.257 r  CLK_IBUF_inst/O
                         net (fo=1, routed)           0.631     0.888    CLK_IBUF
    BUFGCTRL_X0Y16       BUFG (Prop_bufg_I_O)         0.026     0.914 r  CLK_IBUF_BUFG_inst/O
                         net (fo=796, routed)         0.560     1.473    InstructionFetchUnit/CLK_IBUF_BUFG
    SLICE_X36Y16         FDRE                                         r  InstructionFetchUnit/InstrD_reg[4]/C
  -------------------------------------------------------------------    -------------------
    SLICE_X36Y16         FDRE (Prop_fdre_C_Q)         0.128     1.601 f  InstructionFetchUnit/InstrD_reg[4]/Q
                         net (fo=15, routed)          0.233     1.835    InstructionFetchUnit/InstrD_reg_n_0_[4]
    SLICE_X35Y18         LUT4 (Prop_lut4_I2_O)        0.098     1.933 r  InstructionFetchUnit/ALUSrcE_i_1/O
                         net (fo=1, routed)           0.000     1.933    InstructionDecodeUnit/ALUSrc
    SLICE_X35Y18         FDRE                                         r  InstructionDecodeUnit/ALUSrcE_reg/D
  -------------------------------------------------------------------    -------------------

                         (clock CLK rise edge)        0.000     0.000 r  
    E3                                                0.000     0.000 r  CLK (IN)
                         net (fo=0)                   0.000     0.000    CLK
    E3                   IBUF (Prop_ibuf_I_O)         0.445     0.445 r  CLK_IBUF_inst/O
                         net (fo=1, routed)           0.685     1.129    CLK_IBUF
    BUFGCTRL_X0Y16       BUFG (Prop_bufg_I_O)         0.029     1.158 r  CLK_IBUF_BUFG_inst/O
                         net (fo=796, routed)         0.824     1.982    InstructionDecodeUnit/CLK_IBUF_BUFG
    SLICE_X35Y18         FDRE                                         r  InstructionDecodeUnit/ALUSrcE_reg/C
                         clock pessimism             -0.250     1.732    
    SLICE_X35Y18         FDRE (Hold_fdre_C_D)         0.092     1.824    InstructionDecodeUnit/ALUSrcE_reg
  -------------------------------------------------------------------
                         required time                         -1.824    
                         arrival time                           1.933    
  -------------------------------------------------------------------
                         slack                                  0.108    

Slack (MET) :             0.119ns  (arrival time - required time)
  Source:                 ExecutionUnit/WriteDataM_reg[22]/C
                            (rising edge-triggered cell FDRE clocked by CLK  {rise@0.000ns fall@5.000ns period=10.000ns})
  Destination:            <hidden>
                            (rising edge-triggered cell RAMB18E1 clocked by CLK  {rise@0.000ns fall@5.000ns period=10.000ns})
  Path Group:             CLK
  Path Type:              Hold (Min at Fast Process Corner)
  Requirement:            0.000ns  (CLK rise@0.000ns - CLK rise@0.000ns)
  Data Path Delay:        0.457ns  (logic 0.164ns (35.897%)  route 0.293ns (64.103%))
  Logic Levels:           0  
  Clock Path Skew:        0.042ns (DCD - SCD - CPR)
    Destination Clock Delay (DCD):    2.017ns
    Source Clock Delay      (SCD):    1.476ns
    Clock Pessimism Removal (CPR):    0.499ns

    Location             Delay type                Incr(ns)  Path(ns)    Netlist Resource(s)
  -------------------------------------------------------------------    -------------------
                         (clock CLK rise edge)        0.000     0.000 r  
    E3                                                0.000     0.000 r  CLK (IN)
                         net (fo=0)                   0.000     0.000    CLK
    E3                   IBUF (Prop_ibuf_I_O)         0.257     0.257 r  CLK_IBUF_inst/O
                         net (fo=1, routed)           0.631     0.888    CLK_IBUF
    BUFGCTRL_X0Y16       BUFG (Prop_bufg_I_O)         0.026     0.914 r  CLK_IBUF_BUFG_inst/O
                         net (fo=796, routed)         0.563     1.476    ExecutionUnit/CLK_IBUF_BUFG
    SLICE_X8Y33          FDRE                                         r  ExecutionUnit/WriteDataM_reg[22]/C
  -------------------------------------------------------------------    -------------------
    SLICE_X8Y33          FDRE (Prop_fdre_C_Q)         0.164     1.640 r  ExecutionUnit/WriteDataM_reg[22]/Q
                         net (fo=1, routed)           0.293     1.933    <hidden>
    RAMB18_X0Y10         RAMB18E1                                     r  <hidden>
  -------------------------------------------------------------------    -------------------

                         (clock CLK rise edge)        0.000     0.000 r  
    E3                                                0.000     0.000 r  CLK (IN)
                         net (fo=0)                   0.000     0.000    CLK
    E3                   IBUF (Prop_ibuf_I_O)         0.445     0.445 r  CLK_IBUF_inst/O
                         net (fo=1, routed)           0.685     1.129    CLK_IBUF
    BUFGCTRL_X0Y16       BUFG (Prop_bufg_I_O)         0.029     1.158 r  CLK_IBUF_BUFG_inst/O
                         net (fo=796, routed)         0.859     2.017    <hidden>
    RAMB18_X0Y10         RAMB18E1                                     r  <hidden>
                         clock pessimism             -0.499     1.518    
    RAMB18_X0Y10         RAMB18E1 (Hold_ramb18e1_CLKBWRCLK_DIBDI[6])
                                                      0.296     1.814    <hidden>
  -------------------------------------------------------------------
                         required time                         -1.814    
                         arrival time                           1.933    
  -------------------------------------------------------------------
                         slack                                  0.119    

Slack (MET) :             0.122ns  (arrival time - required time)
  Source:                 ExecutionUnit/WriteDataM_reg[13]/C
                            (rising edge-triggered cell FDRE clocked by CLK  {rise@0.000ns fall@5.000ns period=10.000ns})
  Destination:            <hidden>
                            (rising edge-triggered cell RAMB18E1 clocked by CLK  {rise@0.000ns fall@5.000ns period=10.000ns})
  Path Group:             CLK
  Path Type:              Hold (Min at Fast Process Corner)
  Requirement:            0.000ns  (CLK rise@0.000ns - CLK rise@0.000ns)
  Data Path Delay:        0.403ns  (logic 0.128ns (31.769%)  route 0.275ns (68.231%))
  Logic Levels:           0  
  Clock Path Skew:        0.039ns (DCD - SCD - CPR)
    Destination Clock Delay (DCD):    2.020ns
    Source Clock Delay      (SCD):    1.502ns
    Clock Pessimism Removal (CPR):    0.479ns

    Location             Delay type                Incr(ns)  Path(ns)    Netlist Resource(s)
  -------------------------------------------------------------------    -------------------
                         (clock CLK rise edge)        0.000     0.000 r  
    E3                                                0.000     0.000 r  CLK (IN)
                         net (fo=0)                   0.000     0.000    CLK
    E3                   IBUF (Prop_ibuf_I_O)         0.257     0.257 r  CLK_IBUF_inst/O
                         net (fo=1, routed)           0.631     0.888    CLK_IBUF
    BUFGCTRL_X0Y16       BUFG (Prop_bufg_I_O)         0.026     0.914 r  CLK_IBUF_BUFG_inst/O
                         net (fo=796, routed)         0.589     1.502    ExecutionUnit/CLK_IBUF_BUFG
    SLICE_X4Y32          FDRE                                         r  ExecutionUnit/WriteDataM_reg[13]/C
  -------------------------------------------------------------------    -------------------
    SLICE_X4Y32          FDRE (Prop_fdre_C_Q)         0.128     1.630 r  ExecutionUnit/WriteDataM_reg[13]/Q
                         net (fo=1, routed)           0.275     1.905    <hidden>
    RAMB18_X0Y10         RAMB18E1                                     r  <hidden>
  -------------------------------------------------------------------    -------------------

                         (clock CLK rise edge)        0.000     0.000 r  
    E3                                                0.000     0.000 r  CLK (IN)
                         net (fo=0)                   0.000     0.000    CLK
    E3                   IBUF (Prop_ibuf_I_O)         0.445     0.445 r  CLK_IBUF_inst/O
                         net (fo=1, routed)           0.685     1.129    CLK_IBUF
    BUFGCTRL_X0Y16       BUFG (Prop_bufg_I_O)         0.029     1.158 r  CLK_IBUF_BUFG_inst/O
                         net (fo=796, routed)         0.862     2.020    <hidden>
    RAMB18_X0Y10         RAMB18E1                                     r  <hidden>
                         clock pessimism             -0.479     1.541    
    RAMB18_X0Y10         RAMB18E1 (Hold_ramb18e1_CLKARDCLK_DIADI[13])
                                                      0.242     1.783    <hidden>
  -------------------------------------------------------------------
                         required time                         -1.783    
                         arrival time                           1.905    
  -------------------------------------------------------------------
                         slack                                  0.122    

Slack (MET) :             0.127ns  (arrival time - required time)
  Source:                 InstructionFetchUnit/InstrD_reg[13]/C
                            (rising edge-triggered cell FDRE clocked by CLK  {rise@0.000ns fall@5.000ns period=10.000ns})
  Destination:            InstructionDecodeUnit/remE_reg/D
                            (rising edge-triggered cell FDRE clocked by CLK  {rise@0.000ns fall@5.000ns period=10.000ns})
  Path Group:             CLK
  Path Type:              Hold (Min at Fast Process Corner)
  Requirement:            0.000ns  (CLK rise@0.000ns - CLK rise@0.000ns)
  Data Path Delay:        0.495ns  (logic 0.190ns (38.353%)  route 0.305ns (61.647%))
  Logic Levels:           1  (LUT3=1)
  Clock Path Skew:        0.261ns (DCD - SCD - CPR)
    Destination Clock Delay (DCD):    1.982ns
    Source Clock Delay      (SCD):    1.471ns
    Clock Pessimism Removal (CPR):    0.250ns

    Location             Delay type                Incr(ns)  Path(ns)    Netlist Resource(s)
  -------------------------------------------------------------------    -------------------
                         (clock CLK rise edge)        0.000     0.000 r  
    E3                                                0.000     0.000 r  CLK (IN)
                         net (fo=0)                   0.000     0.000    CLK
    E3                   IBUF (Prop_ibuf_I_O)         0.257     0.257 r  CLK_IBUF_inst/O
                         net (fo=1, routed)           0.631     0.888    CLK_IBUF
    BUFGCTRL_X0Y16       BUFG (Prop_bufg_I_O)         0.026     0.914 r  CLK_IBUF_BUFG_inst/O
                         net (fo=796, routed)         0.558     1.471    InstructionFetchUnit/CLK_IBUF_BUFG
    SLICE_X41Y18         FDRE                                         r  InstructionFetchUnit/InstrD_reg[13]/C
  -------------------------------------------------------------------    -------------------
    SLICE_X41Y18         FDRE (Prop_fdre_C_Q)         0.141     1.612 r  InstructionFetchUnit/InstrD_reg[13]/Q
                         net (fo=10, routed)          0.305     1.918    InstructionFetchUnit/Q[6]
    SLICE_X33Y19         LUT3 (Prop_lut3_I1_O)        0.049     1.967 r  InstructionFetchUnit/remE_i_1/O
                         net (fo=1, routed)           0.000     1.967    InstructionDecodeUnit/remD
    SLICE_X33Y19         FDRE                                         r  InstructionDecodeUnit/remE_reg/D
  -------------------------------------------------------------------    -------------------

                         (clock CLK rise edge)        0.000     0.000 r  
    E3                                                0.000     0.000 r  CLK (IN)
                         net (fo=0)                   0.000     0.000    CLK
    E3                   IBUF (Prop_ibuf_I_O)         0.445     0.445 r  CLK_IBUF_inst/O
                         net (fo=1, routed)           0.685     1.129    CLK_IBUF
    BUFGCTRL_X0Y16       BUFG (Prop_bufg_I_O)         0.029     1.158 r  CLK_IBUF_BUFG_inst/O
                         net (fo=796, routed)         0.824     1.982    InstructionDecodeUnit/CLK_IBUF_BUFG
    SLICE_X33Y19         FDRE                                         r  InstructionDecodeUnit/remE_reg/C
                         clock pessimism             -0.250     1.732    
    SLICE_X33Y19         FDRE (Hold_fdre_C_D)         0.107     1.839    InstructionDecodeUnit/remE_reg
  -------------------------------------------------------------------
                         required time                         -1.839    
                         arrival time                           1.967    
  -------------------------------------------------------------------
                         slack                                  0.127    

Slack (MET) :             0.130ns  (arrival time - required time)
  Source:                 InstructionFetchUnit/InstrD_reg[4]/C
                            (rising edge-triggered cell FDRE clocked by CLK  {rise@0.000ns fall@5.000ns period=10.000ns})
  Destination:            InstructionDecodeUnit/RegWriteE_reg/D
                            (rising edge-triggered cell FDRE clocked by CLK  {rise@0.000ns fall@5.000ns period=10.000ns})
  Path Group:             CLK
  Path Type:              Hold (Min at Fast Process Corner)
  Requirement:            0.000ns  (CLK rise@0.000ns - CLK rise@0.000ns)
  Data Path Delay:        0.510ns  (logic 0.226ns (44.330%)  route 0.284ns (55.670%))
  Logic Levels:           1  (LUT4=1)
  Clock Path Skew:        0.260ns (DCD - SCD - CPR)
    Destination Clock Delay (DCD):    1.983ns
    Source Clock Delay      (SCD):    1.473ns
    Clock Pessimism Removal (CPR):    0.250ns

    Location             Delay type                Incr(ns)  Path(ns)    Netlist Resource(s)
  -------------------------------------------------------------------    -------------------
                         (clock CLK rise edge)        0.000     0.000 r  
    E3                                                0.000     0.000 r  CLK (IN)
                         net (fo=0)                   0.000     0.000    CLK
    E3                   IBUF (Prop_ibuf_I_O)         0.257     0.257 r  CLK_IBUF_inst/O
                         net (fo=1, routed)           0.631     0.888    CLK_IBUF
    BUFGCTRL_X0Y16       BUFG (Prop_bufg_I_O)         0.026     0.914 r  CLK_IBUF_BUFG_inst/O
                         net (fo=796, routed)         0.560     1.473    InstructionFetchUnit/CLK_IBUF_BUFG
    SLICE_X36Y16         FDRE                                         r  InstructionFetchUnit/InstrD_reg[4]/C
  -------------------------------------------------------------------    -------------------
    SLICE_X36Y16         FDRE (Prop_fdre_C_Q)         0.128     1.601 r  InstructionFetchUnit/InstrD_reg[4]/Q
                         net (fo=15, routed)          0.284     1.885    InstructionFetchUnit/InstrD_reg_n_0_[4]
    SLICE_X30Y18         LUT4 (Prop_lut4_I3_O)        0.098     1.983 r  InstructionFetchUnit/RegWriteE_i_1/O
                         net (fo=1, routed)           0.000     1.983    InstructionDecodeUnit/RegWriteE_reg_0
    SLICE_X30Y18         FDRE                                         r  InstructionDecodeUnit/RegWriteE_reg/D
  -------------------------------------------------------------------    -------------------

                         (clock CLK rise edge)        0.000     0.000 r  
    E3                                                0.000     0.000 r  CLK (IN)
                         net (fo=0)                   0.000     0.000    CLK
    E3                   IBUF (Prop_ibuf_I_O)         0.445     0.445 r  CLK_IBUF_inst/O
                         net (fo=1, routed)           0.685     1.129    CLK_IBUF
    BUFGCTRL_X0Y16       BUFG (Prop_bufg_I_O)         0.029     1.158 r  CLK_IBUF_BUFG_inst/O
                         net (fo=796, routed)         0.825     1.983    InstructionDecodeUnit/CLK_IBUF_BUFG
    SLICE_X30Y18         FDRE                                         r  InstructionDecodeUnit/RegWriteE_reg/C
                         clock pessimism             -0.250     1.733    
    SLICE_X30Y18         FDRE (Hold_fdre_C_D)         0.120     1.853    InstructionDecodeUnit/RegWriteE_reg
  -------------------------------------------------------------------
                         required time                         -1.853    
                         arrival time                           1.983    
  -------------------------------------------------------------------
                         slack                                  0.130    

Slack (MET) :             0.134ns  (arrival time - required time)
  Source:                 ExecutionUnit/WriteDataM_reg[2]/C
                            (rising edge-triggered cell FDRE clocked by CLK  {rise@0.000ns fall@5.000ns period=10.000ns})
  Destination:            <hidden>
                            (rising edge-triggered cell RAMB18E1 clocked by CLK  {rise@0.000ns fall@5.000ns period=10.000ns})
  Path Group:             CLK
  Path Type:              Hold (Min at Fast Process Corner)
  Requirement:            0.000ns  (CLK rise@0.000ns - CLK rise@0.000ns)
  Data Path Delay:        0.469ns  (logic 0.141ns (30.041%)  route 0.328ns (69.959%))
  Logic Levels:           0  
  Clock Path Skew:        0.039ns (DCD - SCD - CPR)
    Destination Clock Delay (DCD):    2.020ns
    Source Clock Delay      (SCD):    1.502ns
    Clock Pessimism Removal (CPR):    0.479ns

    Location             Delay type                Incr(ns)  Path(ns)    Netlist Resource(s)
  -------------------------------------------------------------------    -------------------
                         (clock CLK rise edge)        0.000     0.000 r  
    E3                                                0.000     0.000 r  CLK (IN)
                         net (fo=0)                   0.000     0.000    CLK
    E3                   IBUF (Prop_ibuf_I_O)         0.257     0.257 r  CLK_IBUF_inst/O
                         net (fo=1, routed)           0.631     0.888    CLK_IBUF
    BUFGCTRL_X0Y16       BUFG (Prop_bufg_I_O)         0.026     0.914 r  CLK_IBUF_BUFG_inst/O
                         net (fo=796, routed)         0.589     1.502    ExecutionUnit/CLK_IBUF_BUFG
    SLICE_X4Y32          FDRE                                         r  ExecutionUnit/WriteDataM_reg[2]/C
  -------------------------------------------------------------------    -------------------
    SLICE_X4Y32          FDRE (Prop_fdre_C_Q)         0.141     1.643 r  ExecutionUnit/WriteDataM_reg[2]/Q
                         net (fo=1, routed)           0.328     1.972    <hidden>
    RAMB18_X0Y10         RAMB18E1                                     r  <hidden>
  -------------------------------------------------------------------    -------------------

                         (clock CLK rise edge)        0.000     0.000 r  
    E3                                                0.000     0.000 r  CLK (IN)
                         net (fo=0)                   0.000     0.000    CLK
    E3                   IBUF (Prop_ibuf_I_O)         0.445     0.445 r  CLK_IBUF_inst/O
                         net (fo=1, routed)           0.685     1.129    CLK_IBUF
    BUFGCTRL_X0Y16       BUFG (Prop_bufg_I_O)         0.029     1.158 r  CLK_IBUF_BUFG_inst/O
                         net (fo=796, routed)         0.862     2.020    <hidden>
    RAMB18_X0Y10         RAMB18E1                                     r  <hidden>
                         clock pessimism             -0.479     1.541    
    RAMB18_X0Y10         RAMB18E1 (Hold_ramb18e1_CLKARDCLK_DIADI[2])
                                                      0.296     1.837    <hidden>
  -------------------------------------------------------------------
                         required time                         -1.837    
                         arrival time                           1.972    
  -------------------------------------------------------------------
                         slack                                  0.134    

Slack (MET) :             0.138ns  (arrival time - required time)
  Source:                 InstructionFetchUnit/InstrD_reg[13]/C
                            (rising edge-triggered cell FDRE clocked by CLK  {rise@0.000ns fall@5.000ns period=10.000ns})
  Destination:            InstructionDecodeUnit/EXUControlE_reg[0]/D
                            (rising edge-triggered cell FDRE clocked by CLK  {rise@0.000ns fall@5.000ns period=10.000ns})
  Path Group:             CLK
  Path Type:              Hold (Min at Fast Process Corner)
  Requirement:            0.000ns  (CLK rise@0.000ns - CLK rise@0.000ns)
  Data Path Delay:        0.491ns  (logic 0.186ns (37.851%)  route 0.305ns (62.149%))
  Logic Levels:           1  (LUT3=1)
  Clock Path Skew:        0.261ns (DCD - SCD - CPR)
    Destination Clock Delay (DCD):    1.982ns
    Source Clock Delay      (SCD):    1.471ns
    Clock Pessimism Removal (CPR):    0.250ns

    Location             Delay type                Incr(ns)  Path(ns)    Netlist Resource(s)
  -------------------------------------------------------------------    -------------------
                         (clock CLK rise edge)        0.000     0.000 r  
    E3                                                0.000     0.000 r  CLK (IN)
                         net (fo=0)                   0.000     0.000    CLK
    E3                   IBUF (Prop_ibuf_I_O)         0.257     0.257 r  CLK_IBUF_inst/O
                         net (fo=1, routed)           0.631     0.888    CLK_IBUF
    BUFGCTRL_X0Y16       BUFG (Prop_bufg_I_O)         0.026     0.914 r  CLK_IBUF_BUFG_inst/O
                         net (fo=796, routed)         0.558     1.471    InstructionFetchUnit/CLK_IBUF_BUFG
    SLICE_X41Y18         FDRE                                         r  InstructionFetchUnit/InstrD_reg[13]/C
  -------------------------------------------------------------------    -------------------
    SLICE_X41Y18         FDRE (Prop_fdre_C_Q)         0.141     1.612 f  InstructionFetchUnit/InstrD_reg[13]/Q
                         net (fo=10, routed)          0.305     1.918    InstructionFetchUnit/Q[6]
    SLICE_X33Y19         LUT3 (Prop_lut3_I1_O)        0.045     1.963 r  InstructionFetchUnit/EXUControlE[0]_i_1/O
                         net (fo=1, routed)           0.000     1.963    InstructionDecodeUnit/EXUControlE_reg[1]_1[0]
    SLICE_X33Y19         FDRE                                         r  InstructionDecodeUnit/EXUControlE_reg[0]/D
  -------------------------------------------------------------------    -------------------

                         (clock CLK rise edge)        0.000     0.000 r  
    E3                                                0.000     0.000 r  CLK (IN)
                         net (fo=0)                   0.000     0.000    CLK
    E3                   IBUF (Prop_ibuf_I_O)         0.445     0.445 r  CLK_IBUF_inst/O
                         net (fo=1, routed)           0.685     1.129    CLK_IBUF
    BUFGCTRL_X0Y16       BUFG (Prop_bufg_I_O)         0.029     1.158 r  CLK_IBUF_BUFG_inst/O
                         net (fo=796, routed)         0.824     1.982    InstructionDecodeUnit/CLK_IBUF_BUFG
    SLICE_X33Y19         FDRE                                         r  InstructionDecodeUnit/EXUControlE_reg[0]/C
                         clock pessimism             -0.250     1.732    
    SLICE_X33Y19         FDRE (Hold_fdre_C_D)         0.092     1.824    InstructionDecodeUnit/EXUControlE_reg[0]
  -------------------------------------------------------------------
                         required time                         -1.824    
                         arrival time                           1.963    
  -------------------------------------------------------------------
                         slack                                  0.138    

Slack (MET) :             0.145ns  (arrival time - required time)
  Source:                 ExecutionUnit/WriteDataM_reg[3]/C
                            (rising edge-triggered cell FDRE clocked by CLK  {rise@0.000ns fall@5.000ns period=10.000ns})
  Destination:            <hidden>
                            (rising edge-triggered cell RAMB18E1 clocked by CLK  {rise@0.000ns fall@5.000ns period=10.000ns})
  Path Group:             CLK
  Path Type:              Hold (Min at Fast Process Corner)
  Requirement:            0.000ns  (CLK rise@0.000ns - CLK rise@0.000ns)
  Data Path Delay:        0.482ns  (logic 0.141ns (29.279%)  route 0.341ns (70.721%))
  Logic Levels:           0  
  Clock Path Skew:        0.041ns (DCD - SCD - CPR)
    Destination Clock Delay (DCD):    2.020ns
    Source Clock Delay      (SCD):    1.500ns
    Clock Pessimism Removal (CPR):    0.479ns

    Location             Delay type                Incr(ns)  Path(ns)    Netlist Resource(s)
  -------------------------------------------------------------------    -------------------
                         (clock CLK rise edge)        0.000     0.000 r  
    E3                                                0.000     0.000 r  CLK (IN)
                         net (fo=0)                   0.000     0.000    CLK
    E3                   IBUF (Prop_ibuf_I_O)         0.257     0.257 r  CLK_IBUF_inst/O
                         net (fo=1, routed)           0.631     0.888    CLK_IBUF
    BUFGCTRL_X0Y16       BUFG (Prop_bufg_I_O)         0.026     0.914 r  CLK_IBUF_BUFG_inst/O
                         net (fo=796, routed)         0.587     1.500    ExecutionUnit/CLK_IBUF_BUFG
    SLICE_X4Y30          FDRE                                         r  ExecutionUnit/WriteDataM_reg[3]/C
  -------------------------------------------------------------------    -------------------
    SLICE_X4Y30          FDRE (Prop_fdre_C_Q)         0.141     1.641 r  ExecutionUnit/WriteDataM_reg[3]/Q
                         net (fo=1, routed)           0.341     1.982    <hidden>
    RAMB18_X0Y10         RAMB18E1                                     r  <hidden>
  -------------------------------------------------------------------    -------------------

                         (clock CLK rise edge)        0.000     0.000 r  
    E3                                                0.000     0.000 r  CLK (IN)
                         net (fo=0)                   0.000     0.000    CLK
    E3                   IBUF (Prop_ibuf_I_O)         0.445     0.445 r  CLK_IBUF_inst/O
                         net (fo=1, routed)           0.685     1.129    CLK_IBUF
    BUFGCTRL_X0Y16       BUFG (Prop_bufg_I_O)         0.029     1.158 r  CLK_IBUF_BUFG_inst/O
                         net (fo=796, routed)         0.862     2.020    <hidden>
    RAMB18_X0Y10         RAMB18E1                                     r  <hidden>
                         clock pessimism             -0.479     1.541    
    RAMB18_X0Y10         RAMB18E1 (Hold_ramb18e1_CLKARDCLK_DIADI[3])
                                                      0.296     1.837    <hidden>
  -------------------------------------------------------------------
                         required time                         -1.837    
                         arrival time                           1.982    
  -------------------------------------------------------------------
                         slack                                  0.145    

Slack (MET) :             0.147ns  (arrival time - required time)
  Source:                 ExecutionUnit/WriteDataM_reg[28]/C
                            (rising edge-triggered cell FDRE clocked by CLK  {rise@0.000ns fall@5.000ns period=10.000ns})
  Destination:            <hidden>
                            (rising edge-triggered cell RAMB18E1 clocked by CLK  {rise@0.000ns fall@5.000ns period=10.000ns})
  Path Group:             CLK
  Path Type:              Hold (Min at Fast Process Corner)
  Requirement:            0.000ns  (CLK rise@0.000ns - CLK rise@0.000ns)
  Data Path Delay:        0.485ns  (logic 0.164ns (33.811%)  route 0.321ns (66.189%))
  Logic Levels:           0  
  Clock Path Skew:        0.042ns (DCD - SCD - CPR)
    Destination Clock Delay (DCD):    2.017ns
    Source Clock Delay      (SCD):    1.476ns
    Clock Pessimism Removal (CPR):    0.499ns

    Location             Delay type                Incr(ns)  Path(ns)    Netlist Resource(s)
  -------------------------------------------------------------------    -------------------
                         (clock CLK rise edge)        0.000     0.000 r  
    E3                                                0.000     0.000 r  CLK (IN)
                         net (fo=0)                   0.000     0.000    CLK
    E3                   IBUF (Prop_ibuf_I_O)         0.257     0.257 r  CLK_IBUF_inst/O
                         net (fo=1, routed)           0.631     0.888    CLK_IBUF
    BUFGCTRL_X0Y16       BUFG (Prop_bufg_I_O)         0.026     0.914 r  CLK_IBUF_BUFG_inst/O
                         net (fo=796, routed)         0.563     1.476    ExecutionUnit/CLK_IBUF_BUFG
    SLICE_X8Y33          FDRE                                         r  ExecutionUnit/WriteDataM_reg[28]/C
  -------------------------------------------------------------------    -------------------
    SLICE_X8Y33          FDRE (Prop_fdre_C_Q)         0.164     1.640 r  ExecutionUnit/WriteDataM_reg[28]/Q
                         net (fo=1, routed)           0.321     1.961    <hidden>
    RAMB18_X0Y10         RAMB18E1                                     r  <hidden>
  -------------------------------------------------------------------    -------------------

                         (clock CLK rise edge)        0.000     0.000 r  
    E3                                                0.000     0.000 r  CLK (IN)
                         net (fo=0)                   0.000     0.000    CLK
    E3                   IBUF (Prop_ibuf_I_O)         0.445     0.445 r  CLK_IBUF_inst/O
                         net (fo=1, routed)           0.685     1.129    CLK_IBUF
    BUFGCTRL_X0Y16       BUFG (Prop_bufg_I_O)         0.029     1.158 r  CLK_IBUF_BUFG_inst/O
                         net (fo=796, routed)         0.859     2.017    <hidden>
    RAMB18_X0Y10         RAMB18E1                                     r  <hidden>
                         clock pessimism             -0.499     1.518    
    RAMB18_X0Y10         RAMB18E1 (Hold_ramb18e1_CLKBWRCLK_DIBDI[12])
                                                      0.296     1.814    <hidden>
  -------------------------------------------------------------------
                         required time                         -1.814    
                         arrival time                           1.961    
  -------------------------------------------------------------------
                         slack                                  0.147    

Slack (MET) :             0.160ns  (arrival time - required time)
  Source:                 ExecutionUnit/WriteDataM_reg[19]/C
                            (rising edge-triggered cell FDRE clocked by CLK  {rise@0.000ns fall@5.000ns period=10.000ns})
  Destination:            <hidden>
                            (rising edge-triggered cell RAMB18E1 clocked by CLK  {rise@0.000ns fall@5.000ns period=10.000ns})
  Path Group:             CLK
  Path Type:              Hold (Min at Fast Process Corner)
  Requirement:            0.000ns  (CLK rise@0.000ns - CLK rise@0.000ns)
  Data Path Delay:        0.498ns  (logic 0.141ns (28.297%)  route 0.357ns (71.703%))
  Logic Levels:           0  
  Clock Path Skew:        0.042ns (DCD - SCD - CPR)
    Destination Clock Delay (DCD):    2.017ns
    Source Clock Delay      (SCD):    1.476ns
    Clock Pessimism Removal (CPR):    0.499ns

    Location             Delay type                Incr(ns)  Path(ns)    Netlist Resource(s)
  -------------------------------------------------------------------    -------------------
                         (clock CLK rise edge)        0.000     0.000 r  
    E3                                                0.000     0.000 r  CLK (IN)
                         net (fo=0)                   0.000     0.000    CLK
    E3                   IBUF (Prop_ibuf_I_O)         0.257     0.257 r  CLK_IBUF_inst/O
                         net (fo=1, routed)           0.631     0.888    CLK_IBUF
    BUFGCTRL_X0Y16       BUFG (Prop_bufg_I_O)         0.026     0.914 r  CLK_IBUF_BUFG_inst/O
                         net (fo=796, routed)         0.563     1.476    ExecutionUnit/CLK_IBUF_BUFG
    SLICE_X9Y33          FDRE                                         r  ExecutionUnit/WriteDataM_reg[19]/C
  -------------------------------------------------------------------    -------------------
    SLICE_X9Y33          FDRE (Prop_fdre_C_Q)         0.141     1.617 r  ExecutionUnit/WriteDataM_reg[19]/Q
                         net (fo=1, routed)           0.357     1.975    <hidden>
    RAMB18_X0Y10         RAMB18E1                                     r  <hidden>
  -------------------------------------------------------------------    -------------------

                         (clock CLK rise edge)        0.000     0.000 r  
    E3                                                0.000     0.000 r  CLK (IN)
                         net (fo=0)                   0.000     0.000    CLK
    E3                   IBUF (Prop_ibuf_I_O)         0.445     0.445 r  CLK_IBUF_inst/O
                         net (fo=1, routed)           0.685     1.129    CLK_IBUF
    BUFGCTRL_X0Y16       BUFG (Prop_bufg_I_O)         0.029     1.158 r  CLK_IBUF_BUFG_inst/O
                         net (fo=796, routed)         0.859     2.017    <hidden>
    RAMB18_X0Y10         RAMB18E1                                     r  <hidden>
                         clock pessimism             -0.499     1.518    
    RAMB18_X0Y10         RAMB18E1 (Hold_ramb18e1_CLKBWRCLK_DIBDI[3])
                                                      0.296     1.814    <hidden>
  -------------------------------------------------------------------
                         required time                         -1.814    
                         arrival time                           1.975    
  -------------------------------------------------------------------
                         slack                                  0.160    





Pulse Width Checks
--------------------------------------------------------------------------------------
Clock Name:         CLK
Waveform(ns):       { 0.000 5.000 }
Period(ns):         10.000
Sources:            { CLK }

Check Type        Corner  Lib Pin             Reference Pin  Required(ns)  Actual(ns)  Slack(ns)  Location        Pin
Min Period        n/a     RAMB18E1/CLKARDCLK  n/a            1.962         10.000      8.038      RAMB18_X0Y10    <hidden>
Min Period        n/a     RAMB18E1/CLKBWRCLK  n/a            1.962         10.000      8.038      RAMB18_X0Y10    <hidden>
Min Period        n/a     BUFG/I              n/a            1.592         10.000      8.408      BUFGCTRL_X0Y16  CLK_IBUF_BUFG_inst/I
Min Period        n/a     FDRE/C              n/a            1.000         10.000      9.000      SLICE_X34Y19    ExecutionUnit/ALUResultM_reg[0]/C
Min Period        n/a     FDRE/C              n/a            1.000         10.000      9.000      SLICE_X36Y19    ExecutionUnit/ALUResultM_reg[0]_lopt_replica/C
Min Period        n/a     FDRE/C              n/a            1.000         10.000      9.000      SLICE_X42Y21    ExecutionUnit/ALUResultM_reg[10]/C
Min Period        n/a     FDRE/C              n/a            1.000         10.000      9.000      SLICE_X32Y22    ExecutionUnit/ALUResultM_reg[11]/C
Min Period        n/a     FDRE/C              n/a            1.000         10.000      9.000      SLICE_X33Y14    ExecutionUnit/ALUResultM_reg[11]_lopt_replica/C
Min Period        n/a     FDRE/C              n/a            1.000         10.000      9.000      SLICE_X35Y23    ExecutionUnit/ALUResultM_reg[12]/C
Min Period        n/a     FDRE/C              n/a            1.000         10.000      9.000      SLICE_X13Y23    ExecutionUnit/ALUResultM_reg[13]/C
Low Pulse Width   Slow    RAMD32/CLK          n/a            1.050         5.000       3.950      SLICE_X10Y21    InstructionDecodeUnit/RF/registers_reg_r1_0_31_0_5/RAMA/CLK
Low Pulse Width   Fast    RAMD32/CLK          n/a            1.050         5.000       3.950      SLICE_X10Y21    InstructionDecodeUnit/RF/registers_reg_r1_0_31_0_5/RAMA/CLK
Low Pulse Width   Slow    RAMD32/CLK          n/a            1.050         5.000       3.950      SLICE_X10Y21    InstructionDecodeUnit/RF/registers_reg_r1_0_31_0_5/RAMA_D1/CLK
Low Pulse Width   Fast    RAMD32/CLK          n/a            1.050         5.000       3.950      SLICE_X10Y21    InstructionDecodeUnit/RF/registers_reg_r1_0_31_0_5/RAMA_D1/CLK
Low Pulse Width   Slow    RAMD32/CLK          n/a            1.050         5.000       3.950      SLICE_X10Y21    InstructionDecodeUnit/RF/registers_reg_r1_0_31_0_5/RAMB/CLK
Low Pulse Width   Fast    RAMD32/CLK          n/a            1.050         5.000       3.950      SLICE_X10Y21    InstructionDecodeUnit/RF/registers_reg_r1_0_31_0_5/RAMB/CLK
Low Pulse Width   Slow    RAMD32/CLK          n/a            1.050         5.000       3.950      SLICE_X10Y21    InstructionDecodeUnit/RF/registers_reg_r1_0_31_0_5/RAMB_D1/CLK
Low Pulse Width   Fast    RAMD32/CLK          n/a            1.050         5.000       3.950      SLICE_X10Y21    InstructionDecodeUnit/RF/registers_reg_r1_0_31_0_5/RAMB_D1/CLK
Low Pulse Width   Slow    RAMD32/CLK          n/a            1.050         5.000       3.950      SLICE_X10Y21    InstructionDecodeUnit/RF/registers_reg_r1_0_31_0_5/RAMC/CLK
Low Pulse Width   Fast    RAMD32/CLK          n/a            1.050         5.000       3.950      SLICE_X10Y21    InstructionDecodeUnit/RF/registers_reg_r1_0_31_0_5/RAMC/CLK
High Pulse Width  Slow    RAMD32/CLK          n/a            1.050         5.000       3.950      SLICE_X10Y21    InstructionDecodeUnit/RF/registers_reg_r1_0_31_0_5/RAMA/CLK
High Pulse Width  Fast    RAMD32/CLK          n/a            1.050         5.000       3.950      SLICE_X10Y21    InstructionDecodeUnit/RF/registers_reg_r1_0_31_0_5/RAMA/CLK
High Pulse Width  Slow    RAMD32/CLK          n/a            1.050         5.000       3.950      SLICE_X10Y21    InstructionDecodeUnit/RF/registers_reg_r1_0_31_0_5/RAMA_D1/CLK
High Pulse Width  Fast    RAMD32/CLK          n/a            1.050         5.000       3.950      SLICE_X10Y21    InstructionDecodeUnit/RF/registers_reg_r1_0_31_0_5/RAMA_D1/CLK
High Pulse Width  Slow    RAMD32/CLK          n/a            1.050         5.000       3.950      SLICE_X10Y21    InstructionDecodeUnit/RF/registers_reg_r1_0_31_0_5/RAMB/CLK
High Pulse Width  Fast    RAMD32/CLK          n/a            1.050         5.000       3.950      SLICE_X10Y21    InstructionDecodeUnit/RF/registers_reg_r1_0_31_0_5/RAMB/CLK
High Pulse Width  Slow    RAMD32/CLK          n/a            1.050         5.000       3.950      SLICE_X10Y21    InstructionDecodeUnit/RF/registers_reg_r1_0_31_0_5/RAMB_D1/CLK
High Pulse Width  Fast    RAMD32/CLK          n/a            1.050         5.000       3.950      SLICE_X10Y21    InstructionDecodeUnit/RF/registers_reg_r1_0_31_0_5/RAMB_D1/CLK
High Pulse Width  Slow    RAMD32/CLK          n/a            1.050         5.000       3.950      SLICE_X10Y21    InstructionDecodeUnit/RF/registers_reg_r1_0_31_0_5/RAMC/CLK
High Pulse Width  Fast    RAMD32/CLK          n/a            1.050         5.000       3.950      SLICE_X10Y21    InstructionDecodeUnit/RF/registers_reg_r1_0_31_0_5/RAMC/CLK



--------------------------------------------------------------------------------------
Path Group:  (none)
From Clock:  CLK
  To Clock:  

Max Delay             0 Endpoints
Min Delay            97 Endpoints
--------------------------------------------------------------------------------------


Min Delay Paths
--------------------------------------------------------------------------------------
Slack:                    inf
  Source:                 ExecutionUnit/WriteDataM_reg[2]_lopt_replica/C
                            (rising edge-triggered cell FDRE clocked by CLK  {rise@0.000ns fall@5.000ns period=10.000ns})
  Destination:            WriteData[2]
                            (output port)
  Path Group:             (none)
  Path Type:              Min at Fast Process Corner
  Data Path Delay:        1.628ns  (logic 1.294ns (79.445%)  route 0.335ns (20.555%))
  Logic Levels:           1  (OBUF=1)
  Clock Uncertainty:      0.025ns  ((TSJ^2 + TIJ^2)^1/2 + DJ) / 2 + PE
    Total System Jitter     (TSJ):    0.050ns
    Total Input Jitter      (TIJ):    0.000ns
    Discrete Jitter          (DJ):    0.000ns
    Phase Error              (PE):    0.000ns

    Location             Delay type                Incr(ns)  Path(ns)    Netlist Resource(s)
  -------------------------------------------------------------------    -------------------
                         (clock CLK rise edge)        0.000     0.000 r  
    E3                                                0.000     0.000 r  CLK (IN)
                         net (fo=0)                   0.000     0.000    CLK
    E3                   IBUF (Prop_ibuf_I_O)         0.257     0.257 r  CLK_IBUF_inst/O
                         net (fo=1, routed)           0.631     0.888    CLK_IBUF
    BUFGCTRL_X0Y16       BUFG (Prop_bufg_I_O)         0.026     0.914 r  CLK_IBUF_BUFG_inst/O
                         net (fo=796, routed)         0.592     1.505    ExecutionUnit/CLK_IBUF_BUFG
    SLICE_X0Y51          FDRE                                         r  ExecutionUnit/WriteDataM_reg[2]_lopt_replica/C
  -------------------------------------------------------------------    -------------------
    SLICE_X0Y51          FDRE (Prop_fdre_C_Q)         0.141     1.646 r  ExecutionUnit/WriteDataM_reg[2]_lopt_replica/Q
                         net (fo=1, routed)           0.335     1.981    lopt_29
    K15                  OBUF (Prop_obuf_I_O)         1.153     3.134 r  WriteData_OBUF[2]_inst/O
                         net (fo=0)                   0.000     3.134    WriteData[2]
    K15                                                               r  WriteData[2] (OUT)
  -------------------------------------------------------------------    -------------------

Slack:                    inf
  Source:                 ExecutionUnit/WriteDataM_reg[12]_lopt_replica/C
                            (rising edge-triggered cell FDRE clocked by CLK  {rise@0.000ns fall@5.000ns period=10.000ns})
  Destination:            WriteData[12]
                            (output port)
  Path Group:             (none)
  Path Type:              Min at Fast Process Corner
  Data Path Delay:        1.637ns  (logic 1.297ns (79.194%)  route 0.341ns (20.806%))
  Logic Levels:           1  (OBUF=1)
  Clock Uncertainty:      0.025ns  ((TSJ^2 + TIJ^2)^1/2 + DJ) / 2 + PE
    Total System Jitter     (TSJ):    0.050ns
    Total Input Jitter      (TIJ):    0.000ns
    Discrete Jitter          (DJ):    0.000ns
    Phase Error              (PE):    0.000ns

    Location             Delay type                Incr(ns)  Path(ns)    Netlist Resource(s)
  -------------------------------------------------------------------    -------------------
                         (clock CLK rise edge)        0.000     0.000 r  
    E3                                                0.000     0.000 r  CLK (IN)
                         net (fo=0)                   0.000     0.000    CLK
    E3                   IBUF (Prop_ibuf_I_O)         0.257     0.257 r  CLK_IBUF_inst/O
                         net (fo=1, routed)           0.631     0.888    CLK_IBUF
    BUFGCTRL_X0Y16       BUFG (Prop_bufg_I_O)         0.026     0.914 r  CLK_IBUF_BUFG_inst/O
                         net (fo=796, routed)         0.590     1.503    ExecutionUnit/CLK_IBUF_BUFG
    SLICE_X1Y58          FDRE                                         r  ExecutionUnit/WriteDataM_reg[12]_lopt_replica/C
  -------------------------------------------------------------------    -------------------
    SLICE_X1Y58          FDRE (Prop_fdre_C_Q)         0.141     1.644 r  ExecutionUnit/WriteDataM_reg[12]_lopt_replica/Q
                         net (fo=1, routed)           0.341     1.985    lopt_10
    J14                  OBUF (Prop_obuf_I_O)         1.156     3.141 r  WriteData_OBUF[12]_inst/O
                         net (fo=0)                   0.000     3.141    WriteData[12]
    J14                                                               r  WriteData[12] (OUT)
  -------------------------------------------------------------------    -------------------

Slack:                    inf
  Source:                 ExecutionUnit/WriteDataM_reg[0]_lopt_replica/C
                            (rising edge-triggered cell FDRE clocked by CLK  {rise@0.000ns fall@5.000ns period=10.000ns})
  Destination:            WriteData[0]
                            (output port)
  Path Group:             (none)
  Path Type:              Min at Fast Process Corner
  Data Path Delay:        1.649ns  (logic 1.257ns (76.224%)  route 0.392ns (23.776%))
  Logic Levels:           1  (OBUF=1)
  Clock Uncertainty:      0.025ns  ((TSJ^2 + TIJ^2)^1/2 + DJ) / 2 + PE
    Total System Jitter     (TSJ):    0.050ns
    Total Input Jitter      (TIJ):    0.000ns
    Discrete Jitter          (DJ):    0.000ns
    Phase Error              (PE):    0.000ns

    Location             Delay type                Incr(ns)  Path(ns)    Netlist Resource(s)
  -------------------------------------------------------------------    -------------------
                         (clock CLK rise edge)        0.000     0.000 r  
    E3                                                0.000     0.000 r  CLK (IN)
                         net (fo=0)                   0.000     0.000    CLK
    E3                   IBUF (Prop_ibuf_I_O)         0.257     0.257 r  CLK_IBUF_inst/O
                         net (fo=1, routed)           0.631     0.888    CLK_IBUF
    BUFGCTRL_X0Y16       BUFG (Prop_bufg_I_O)         0.026     0.914 r  CLK_IBUF_BUFG_inst/O
                         net (fo=796, routed)         0.597     1.510    ExecutionUnit/CLK_IBUF_BUFG
    SLICE_X1Y43          FDRE                                         r  ExecutionUnit/WriteDataM_reg[0]_lopt_replica/C
  -------------------------------------------------------------------    -------------------
    SLICE_X1Y43          FDRE (Prop_fdre_C_Q)         0.141     1.651 r  ExecutionUnit/WriteDataM_reg[0]_lopt_replica/Q
                         net (fo=1, routed)           0.392     2.043    lopt_7
    K16                  OBUF (Prop_obuf_I_O)         1.116     3.159 r  WriteData_OBUF[0]_inst/O
                         net (fo=0)                   0.000     3.159    WriteData[0]
    K16                                                               r  WriteData[0] (OUT)
  -------------------------------------------------------------------    -------------------

Slack:                    inf
  Source:                 ExecutionUnit/MemWriteM_reg_lopt_replica/C
                            (rising edge-triggered cell FDRE clocked by CLK  {rise@0.000ns fall@5.000ns period=10.000ns})
  Destination:            MemWrite
                            (output port)
  Path Group:             (none)
  Path Type:              Min at Fast Process Corner
  Data Path Delay:        1.664ns  (logic 1.331ns (79.958%)  route 0.334ns (20.042%))
  Logic Levels:           1  (OBUF=1)
  Clock Uncertainty:      0.025ns  ((TSJ^2 + TIJ^2)^1/2 + DJ) / 2 + PE
    Total System Jitter     (TSJ):    0.050ns
    Total Input Jitter      (TIJ):    0.000ns
    Discrete Jitter          (DJ):    0.000ns
    Phase Error              (PE):    0.000ns

    Location             Delay type                Incr(ns)  Path(ns)    Netlist Resource(s)
  -------------------------------------------------------------------    -------------------
                         (clock CLK rise edge)        0.000     0.000 r  
    E3                                                0.000     0.000 r  CLK (IN)
                         net (fo=0)                   0.000     0.000    CLK
    E3                   IBUF (Prop_ibuf_I_O)         0.257     0.257 r  CLK_IBUF_inst/O
                         net (fo=1, routed)           0.631     0.888    CLK_IBUF
    BUFGCTRL_X0Y16       BUFG (Prop_bufg_I_O)         0.026     0.914 r  CLK_IBUF_BUFG_inst/O
                         net (fo=796, routed)         0.583     1.496    ExecutionUnit/CLK_IBUF_BUFG
    SLICE_X0Y80          FDRE                                         r  ExecutionUnit/MemWriteM_reg_lopt_replica/C
  -------------------------------------------------------------------    -------------------
    SLICE_X0Y80          FDRE (Prop_fdre_C_Q)         0.141     1.637 r  ExecutionUnit/MemWriteM_reg_lopt_replica/Q
                         net (fo=1, routed)           0.334     1.971    lopt_6
    A13                  OBUF (Prop_obuf_I_O)         1.190     3.161 r  MemWrite_OBUF_inst/O
                         net (fo=0)                   0.000     3.161    MemWrite
    A13                                                               r  MemWrite (OUT)
  -------------------------------------------------------------------    -------------------

Slack:                    inf
  Source:                 ExecutionUnit/WriteDataM_reg[7]_lopt_replica/C
                            (rising edge-triggered cell FDRE clocked by CLK  {rise@0.000ns fall@5.000ns period=10.000ns})
  Destination:            WriteData[7]
                            (output port)
  Path Group:             (none)
  Path Type:              Min at Fast Process Corner
  Data Path Delay:        1.712ns  (logic 1.308ns (76.396%)  route 0.404ns (23.604%))
  Logic Levels:           1  (OBUF=1)
  Clock Uncertainty:      0.025ns  ((TSJ^2 + TIJ^2)^1/2 + DJ) / 2 + PE
    Total System Jitter     (TSJ):    0.050ns
    Total Input Jitter      (TIJ):    0.000ns
    Discrete Jitter          (DJ):    0.000ns
    Phase Error              (PE):    0.000ns

    Location             Delay type                Incr(ns)  Path(ns)    Netlist Resource(s)
  -------------------------------------------------------------------    -------------------
                         (clock CLK rise edge)        0.000     0.000 r  
    E3                                                0.000     0.000 r  CLK (IN)
                         net (fo=0)                   0.000     0.000    CLK
    E3                   IBUF (Prop_ibuf_I_O)         0.257     0.257 r  CLK_IBUF_inst/O
                         net (fo=1, routed)           0.631     0.888    CLK_IBUF
    BUFGCTRL_X0Y16       BUFG (Prop_bufg_I_O)         0.026     0.914 r  CLK_IBUF_BUFG_inst/O
                         net (fo=796, routed)         0.592     1.505    ExecutionUnit/CLK_IBUF_BUFG
    SLICE_X0Y51          FDRE                                         r  ExecutionUnit/WriteDataM_reg[7]_lopt_replica/C
  -------------------------------------------------------------------    -------------------
    SLICE_X0Y51          FDRE (Prop_fdre_C_Q)         0.141     1.646 r  ExecutionUnit/WriteDataM_reg[7]_lopt_replica/Q
                         net (fo=1, routed)           0.404     2.051    lopt_36
    D18                  OBUF (Prop_obuf_I_O)         1.167     3.218 r  WriteData_OBUF[7]_inst/O
                         net (fo=0)                   0.000     3.218    WriteData[7]
    D18                                                               r  WriteData[7] (OUT)
  -------------------------------------------------------------------    -------------------

Slack:                    inf
  Source:                 ExecutionUnit/WriteDataM_reg[10]_lopt_replica/C
                            (rising edge-triggered cell FDRE clocked by CLK  {rise@0.000ns fall@5.000ns period=10.000ns})
  Destination:            WriteData[10]
                            (output port)
  Path Group:             (none)
  Path Type:              Min at Fast Process Corner
  Data Path Delay:        1.716ns  (logic 1.324ns (77.143%)  route 0.392ns (22.857%))
  Logic Levels:           1  (OBUF=1)
  Clock Uncertainty:      0.025ns  ((TSJ^2 + TIJ^2)^1/2 + DJ) / 2 + PE
    Total System Jitter     (TSJ):    0.050ns
    Total Input Jitter      (TIJ):    0.000ns
    Discrete Jitter          (DJ):    0.000ns
    Phase Error              (PE):    0.000ns

    Location             Delay type                Incr(ns)  Path(ns)    Netlist Resource(s)
  -------------------------------------------------------------------    -------------------
                         (clock CLK rise edge)        0.000     0.000 r  
    E3                                                0.000     0.000 r  CLK (IN)
                         net (fo=0)                   0.000     0.000    CLK
    E3                   IBUF (Prop_ibuf_I_O)         0.257     0.257 r  CLK_IBUF_inst/O
                         net (fo=1, routed)           0.631     0.888    CLK_IBUF
    BUFGCTRL_X0Y16       BUFG (Prop_bufg_I_O)         0.026     0.914 r  CLK_IBUF_BUFG_inst/O
                         net (fo=796, routed)         0.591     1.504    ExecutionUnit/CLK_IBUF_BUFG
    SLICE_X0Y53          FDRE                                         r  ExecutionUnit/WriteDataM_reg[10]_lopt_replica/C
  -------------------------------------------------------------------    -------------------
    SLICE_X0Y53          FDRE (Prop_fdre_C_Q)         0.141     1.645 r  ExecutionUnit/WriteDataM_reg[10]_lopt_replica/Q
                         net (fo=1, routed)           0.392     2.038    lopt_8
    C16                  OBUF (Prop_obuf_I_O)         1.183     3.220 r  WriteData_OBUF[10]_inst/O
                         net (fo=0)                   0.000     3.220    WriteData[10]
    C16                                                               r  WriteData[10] (OUT)
  -------------------------------------------------------------------    -------------------

Slack:                    inf
  Source:                 ExecutionUnit/WriteDataM_reg[4]_lopt_replica/C
                            (rising edge-triggered cell FDRE clocked by CLK  {rise@0.000ns fall@5.000ns period=10.000ns})
  Destination:            WriteData[4]
                            (output port)
  Path Group:             (none)
  Path Type:              Min at Fast Process Corner
  Data Path Delay:        1.729ns  (logic 1.297ns (75.011%)  route 0.432ns (24.989%))
  Logic Levels:           1  (OBUF=1)
  Clock Uncertainty:      0.025ns  ((TSJ^2 + TIJ^2)^1/2 + DJ) / 2 + PE
    Total System Jitter     (TSJ):    0.050ns
    Total Input Jitter      (TIJ):    0.000ns
    Discrete Jitter          (DJ):    0.000ns
    Phase Error              (PE):    0.000ns

    Location             Delay type                Incr(ns)  Path(ns)    Netlist Resource(s)
  -------------------------------------------------------------------    -------------------
                         (clock CLK rise edge)        0.000     0.000 r  
    E3                                                0.000     0.000 r  CLK (IN)
                         net (fo=0)                   0.000     0.000    CLK
    E3                   IBUF (Prop_ibuf_I_O)         0.257     0.257 r  CLK_IBUF_inst/O
                         net (fo=1, routed)           0.631     0.888    CLK_IBUF
    BUFGCTRL_X0Y16       BUFG (Prop_bufg_I_O)         0.026     0.914 r  CLK_IBUF_BUFG_inst/O
                         net (fo=796, routed)         0.597     1.510    ExecutionUnit/CLK_IBUF_BUFG
    SLICE_X1Y43          FDRE                                         r  ExecutionUnit/WriteDataM_reg[4]_lopt_replica/C
  -------------------------------------------------------------------    -------------------
    SLICE_X1Y43          FDRE (Prop_fdre_C_Q)         0.141     1.651 r  ExecutionUnit/WriteDataM_reg[4]_lopt_replica/Q
                         net (fo=1, routed)           0.432     2.084    lopt_33
    J17                  OBUF (Prop_obuf_I_O)         1.156     3.240 r  WriteData_OBUF[4]_inst/O
                         net (fo=0)                   0.000     3.240    WriteData[4]
    J17                                                               r  WriteData[4] (OUT)
  -------------------------------------------------------------------    -------------------

Slack:                    inf
  Source:                 ExecutionUnit/WriteDataM_reg[21]_lopt_replica/C
                            (rising edge-triggered cell FDRE clocked by CLK  {rise@0.000ns fall@5.000ns period=10.000ns})
  Destination:            WriteData[21]
                            (output port)
  Path Group:             (none)
  Path Type:              Min at Fast Process Corner
  Data Path Delay:        1.759ns  (logic 1.286ns (73.094%)  route 0.473ns (26.906%))
  Logic Levels:           1  (OBUF=1)
  Clock Uncertainty:      0.025ns  ((TSJ^2 + TIJ^2)^1/2 + DJ) / 2 + PE
    Total System Jitter     (TSJ):    0.050ns
    Total Input Jitter      (TIJ):    0.000ns
    Discrete Jitter          (DJ):    0.000ns
    Phase Error              (PE):    0.000ns

    Location             Delay type                Incr(ns)  Path(ns)    Netlist Resource(s)
  -------------------------------------------------------------------    -------------------
                         (clock CLK rise edge)        0.000     0.000 r  
    E3                                                0.000     0.000 r  CLK (IN)
                         net (fo=0)                   0.000     0.000    CLK
    E3                   IBUF (Prop_ibuf_I_O)         0.257     0.257 r  CLK_IBUF_inst/O
                         net (fo=1, routed)           0.631     0.888    CLK_IBUF
    BUFGCTRL_X0Y16       BUFG (Prop_bufg_I_O)         0.026     0.914 r  CLK_IBUF_BUFG_inst/O
                         net (fo=796, routed)         0.590     1.503    ExecutionUnit/CLK_IBUF_BUFG
    SLICE_X0Y58          FDRE                                         r  ExecutionUnit/WriteDataM_reg[21]_lopt_replica/C
  -------------------------------------------------------------------    -------------------
    SLICE_X0Y58          FDRE (Prop_fdre_C_Q)         0.141     1.644 r  ExecutionUnit/WriteDataM_reg[21]_lopt_replica/Q
                         net (fo=1, routed)           0.473     2.118    lopt_20
    F16                  OBUF (Prop_obuf_I_O)         1.145     3.263 r  WriteData_OBUF[21]_inst/O
                         net (fo=0)                   0.000     3.263    WriteData[21]
    F16                                                               r  WriteData[21] (OUT)
  -------------------------------------------------------------------    -------------------

Slack:                    inf
  Source:                 ExecutionUnit/WriteDataM_reg[13]_lopt_replica/C
                            (rising edge-triggered cell FDRE clocked by CLK  {rise@0.000ns fall@5.000ns period=10.000ns})
  Destination:            WriteData[13]
                            (output port)
  Path Group:             (none)
  Path Type:              Min at Fast Process Corner
  Data Path Delay:        1.761ns  (logic 1.280ns (72.688%)  route 0.481ns (27.312%))
  Logic Levels:           1  (OBUF=1)
  Clock Uncertainty:      0.025ns  ((TSJ^2 + TIJ^2)^1/2 + DJ) / 2 + PE
    Total System Jitter     (TSJ):    0.050ns
    Total Input Jitter      (TIJ):    0.000ns
    Discrete Jitter          (DJ):    0.000ns
    Phase Error              (PE):    0.000ns

    Location             Delay type                Incr(ns)  Path(ns)    Netlist Resource(s)
  -------------------------------------------------------------------    -------------------
                         (clock CLK rise edge)        0.000     0.000 r  
    E3                                                0.000     0.000 r  CLK (IN)
                         net (fo=0)                   0.000     0.000    CLK
    E3                   IBUF (Prop_ibuf_I_O)         0.257     0.257 r  CLK_IBUF_inst/O
                         net (fo=1, routed)           0.631     0.888    CLK_IBUF
    BUFGCTRL_X0Y16       BUFG (Prop_bufg_I_O)         0.026     0.914 r  CLK_IBUF_BUFG_inst/O
                         net (fo=796, routed)         0.592     1.505    ExecutionUnit/CLK_IBUF_BUFG
    SLICE_X1Y51          FDRE                                         r  ExecutionUnit/WriteDataM_reg[13]_lopt_replica/C
  -------------------------------------------------------------------    -------------------
    SLICE_X1Y51          FDRE (Prop_fdre_C_Q)         0.141     1.646 r  ExecutionUnit/WriteDataM_reg[13]_lopt_replica/Q
                         net (fo=1, routed)           0.481     2.127    lopt_11
    G17                  OBUF (Prop_obuf_I_O)         1.139     3.266 r  WriteData_OBUF[13]_inst/O
                         net (fo=0)                   0.000     3.266    WriteData[13]
    G17                                                               r  WriteData[13] (OUT)
  -------------------------------------------------------------------    -------------------

Slack:                    inf
  Source:                 ExecutionUnit/WriteDataM_reg[20]_lopt_replica/C
                            (rising edge-triggered cell FDRE clocked by CLK  {rise@0.000ns fall@5.000ns period=10.000ns})
  Destination:            WriteData[20]
                            (output port)
  Path Group:             (none)
  Path Type:              Min at Fast Process Corner
  Data Path Delay:        1.769ns  (logic 1.285ns (72.600%)  route 0.485ns (27.400%))
  Logic Levels:           1  (OBUF=1)
  Clock Uncertainty:      0.025ns  ((TSJ^2 + TIJ^2)^1/2 + DJ) / 2 + PE
    Total System Jitter     (TSJ):    0.050ns
    Total Input Jitter      (TIJ):    0.000ns
    Discrete Jitter          (DJ):    0.000ns
    Phase Error              (PE):    0.000ns

    Location             Delay type                Incr(ns)  Path(ns)    Netlist Resource(s)
  -------------------------------------------------------------------    -------------------
                         (clock CLK rise edge)        0.000     0.000 r  
    E3                                                0.000     0.000 r  CLK (IN)
                         net (fo=0)                   0.000     0.000    CLK
    E3                   IBUF (Prop_ibuf_I_O)         0.257     0.257 r  CLK_IBUF_inst/O
                         net (fo=1, routed)           0.631     0.888    CLK_IBUF
    BUFGCTRL_X0Y16       BUFG (Prop_bufg_I_O)         0.026     0.914 r  CLK_IBUF_BUFG_inst/O
                         net (fo=796, routed)         0.590     1.503    ExecutionUnit/CLK_IBUF_BUFG
    SLICE_X1Y58          FDRE                                         r  ExecutionUnit/WriteDataM_reg[20]_lopt_replica/C
  -------------------------------------------------------------------    -------------------
    SLICE_X1Y58          FDRE (Prop_fdre_C_Q)         0.141     1.644 r  ExecutionUnit/WriteDataM_reg[20]_lopt_replica/Q
                         net (fo=1, routed)           0.485     2.129    lopt_19
    H14                  OBUF (Prop_obuf_I_O)         1.144     3.273 r  WriteData_OBUF[20]_inst/O
                         net (fo=0)                   0.000     3.273    WriteData[20]
    H14                                                               r  WriteData[20] (OUT)
  -------------------------------------------------------------------    -------------------





