#-----------------------------------------------------------
# Vivado v2024.2 (64-bit)
# SW Build 5239630 on Fri Nov 08 22:35:27 MST 2024
# IP Build 5239520 on Sun Nov 10 16:12:51 MST 2024
# SharedData Build 5239561 on Fri Nov 08 14:39:27 MST 2024
# Start of session at: Tue May 20 21:53:47 2025
# Process ID         : 18496
# Current directory  : E:/IC/Mark VI/Vivado/CPU
# Command line       : vivado.exe -gui_launcher_event rodinguilauncherevent18232 E:\IC\Mark VI\Vivado\CPU\CPU.xpr
# Log file           : E:/IC/Mark VI/Vivado/CPU/vivado.log
# Journal file       : E:/IC/Mark VI/Vivado/CPU\vivado.jou
# Running On         : DESKTOP-IQB8PGC
# Platform           : Windows Server 2016 or Windows 10
# Operating System   : 19045
# Processor Detail   : AMD Ryzen 5 5500U with Radeon Graphics         
# CPU Frequency      : 2096 MHz
# CPU Physical cores : 6
# CPU Logical cores  : 12
# Host memory        : 15915 MB
# Swap memory        : 8589 MB
# Total Virtual      : 24505 MB
# Available Virtual  : 9023 MB
#-----------------------------------------------------------
start_gui
open_project {E:/IC/Mark VI/Vivado/CPU/CPU.xpr}
Scanning sources...
Finished scanning sources
INFO: [IP_Flow 19-234] Refreshing IP repositories
INFO: [IP_Flow 19-1704] No user IP repositories specified
INFO: [IP_Flow 19-2313] Loaded Vivado IP repository 'E:/Vivado/Vivado/2024.2/data/ip'.
open_project: Time (s): cpu = 00:00:19 ; elapsed = 00:00:09 . Memory (MB): peak = 1256.988 ; gain = 194.637
update_compile_order -fileset sources_1
synth_design -top CPU -part xc7a50tcsg324-3 -lint 
Command: synth_design -top CPU -part xc7a50tcsg324-3 -lint
Starting synth_design
Attempting to get a license for feature 'Synthesis' and/or device 'xc7a50t'
INFO: [Common 17-349] Got license for feature 'Synthesis' and/or device 'xc7a50t'
INFO: [Synth 8-7079] Multithreading enabled for synth_design using a maximum of 2 processes.
INFO: [Synth 8-7078] Launching helper process for spawning children vivado processes
INFO: [Synth 8-7075] Helper process launched with PID 13364
---------------------------------------------------------------------------------
Starting Synthesize : Time (s): cpu = 00:00:08 ; elapsed = 00:00:07 . Memory (MB): peak = 1741.242 ; gain = 454.375
---------------------------------------------------------------------------------
Clean up Linter database...
WARNING: [Synth 8-10388] /* is inside a comment [E:/IC/Aritmethic/Booth/Teste/Knowles.v:8]
WARNING: [Synth 8-10714] extra semicolon is not allowed here in this dialect; use SystemVerilog mode instead [E:/IC/Aritmethic/Booth/Teste/Knowles.v:111]
INFO: [Synth 8-6157] synthesizing module 'CPU' [E:/IC/Mark VI/src/CPU.v:1]
INFO: [Synth 8-6157] synthesizing module 'HazardControl' [E:/IC/Mark VI/src/HazardControl.v:1]
INFO: [Synth 8-6155] done synthesizing module 'HazardControl' (1#1) [E:/IC/Mark VI/src/HazardControl.v:1]
INFO: [Synth 8-6157] synthesizing module 'IFU' [E:/IC/Mark VI/src/IFU.v:1]
INFO: [Synth 8-6157] synthesizing module 'Mux' [E:/IC/Mark VI/src/Mux.v:1]
INFO: [Synth 8-6155] done synthesizing module 'Mux' (2#1) [E:/IC/Mark VI/src/Mux.v:1]
INFO: [Synth 8-6157] synthesizing module 'Register' [E:/IC/Mark VI/src/Register.v:1]
INFO: [Synth 8-6155] done synthesizing module 'Register' (3#1) [E:/IC/Mark VI/src/Register.v:1]
INFO: [Synth 8-6157] synthesizing module 'Adder' [E:/IC/Mark VI/src/Adder.v:1]
INFO: [Synth 8-6155] done synthesizing module 'Adder' (4#1) [E:/IC/Mark VI/src/Adder.v:1]
INFO: [Synth 8-6157] synthesizing module 'ROM' [E:/IC/Mark VI/Vivado/CPU/.Xil/Vivado-18496-DESKTOP-IQB8PGC/realtime/ROM_stub.v:6]
INFO: [Synth 8-6155] done synthesizing module 'ROM' (5#1) [E:/IC/Mark VI/Vivado/CPU/.Xil/Vivado-18496-DESKTOP-IQB8PGC/realtime/ROM_stub.v:6]
WARNING: [Synth 8-689] width (30) of port connection 'a' does not match port width (8) of module 'ROM' [E:/IC/Mark VI/src/IFU.v:37]
INFO: [Synth 8-6155] done synthesizing module 'IFU' (6#1) [E:/IC/Mark VI/src/IFU.v:1]
INFO: [Synth 8-6157] synthesizing module 'IDU' [E:/IC/Mark VI/src/IDU.v:1]
INFO: [Synth 8-6157] synthesizing module 'Control' [E:/IC/Mark VI/src/Control.v:1]
INFO: [Synth 8-6155] done synthesizing module 'Control' (7#1) [E:/IC/Mark VI/src/Control.v:1]
INFO: [Synth 8-6157] synthesizing module 'RegisterFile' [E:/IC/Mark VI/src/RegisterFile.v:1]
INFO: [Synth 8-6155] done synthesizing module 'RegisterFile' (8#1) [E:/IC/Mark VI/src/RegisterFile.v:1]
INFO: [Synth 8-6157] synthesizing module 'Extend' [E:/IC/Mark VI/src/Extend.v:1]
INFO: [Synth 8-6155] done synthesizing module 'Extend' (9#1) [E:/IC/Mark VI/src/Extend.v:1]
INFO: [Synth 8-6155] done synthesizing module 'IDU' (10#1) [E:/IC/Mark VI/src/IDU.v:1]
INFO: [Synth 8-6157] synthesizing module 'EXU' [E:/IC/Mark VI/src/EXU.v:1]
INFO: [Synth 8-6157] synthesizing module 'Mux4x1' [E:/IC/Mark VI/src/Mux4x1.v:1]
INFO: [Synth 8-6155] done synthesizing module 'Mux4x1' (11#1) [E:/IC/Mark VI/src/Mux4x1.v:1]
INFO: [Synth 8-6157] synthesizing module 'StoreDecoder' [E:/IC/Mark VI/src/StoreDecoder.v:1]
INFO: [Synth 8-6155] done synthesizing module 'StoreDecoder' (12#1) [E:/IC/Mark VI/src/StoreDecoder.v:1]
INFO: [Synth 8-6157] synthesizing module 'BranchUnit' [E:/IC/Mark VI/src/BranchUnit.v:1]
INFO: [Synth 8-6155] done synthesizing module 'BranchUnit' (13#1) [E:/IC/Mark VI/src/BranchUnit.v:1]
INFO: [Synth 8-6157] synthesizing module 'ALU' [E:/IC/Mark VI/src/ALU.v:1]
INFO: [Synth 8-6155] done synthesizing module 'ALU' (14#1) [E:/IC/Mark VI/src/ALU.v:1]
INFO: [Synth 8-6157] synthesizing module 'Divisor' [E:/IC/Mark VI/src/Divisor.v:1]
INFO: [Synth 8-6155] done synthesizing module 'Divisor' (15#1) [E:/IC/Mark VI/src/Divisor.v:1]
INFO: [Synth 8-6157] synthesizing module 'Booth' [E:/IC/Mark VI/src/Booth/Booth.v:1]
INFO: [Synth 8-226] default block is never used [E:/IC/Mark VI/src/Booth/Booth.v:33]
INFO: [Synth 8-226] default block is never used [E:/IC/Mark VI/src/Booth/Booth.v:33]
INFO: [Synth 8-226] default block is never used [E:/IC/Mark VI/src/Booth/Booth.v:33]
INFO: [Synth 8-226] default block is never used [E:/IC/Mark VI/src/Booth/Booth.v:33]
INFO: [Synth 8-226] default block is never used [E:/IC/Mark VI/src/Booth/Booth.v:33]
INFO: [Synth 8-226] default block is never used [E:/IC/Mark VI/src/Booth/Booth.v:33]
INFO: [Synth 8-226] default block is never used [E:/IC/Mark VI/src/Booth/Booth.v:33]
INFO: [Synth 8-226] default block is never used [E:/IC/Mark VI/src/Booth/Booth.v:33]
INFO: [Synth 8-226] default block is never used [E:/IC/Mark VI/src/Booth/Booth.v:33]
INFO: [Synth 8-226] default block is never used [E:/IC/Mark VI/src/Booth/Booth.v:33]
INFO: [Synth 8-226] default block is never used [E:/IC/Mark VI/src/Booth/Booth.v:33]
INFO: [Synth 8-226] default block is never used [E:/IC/Mark VI/src/Booth/Booth.v:33]
INFO: [Synth 8-226] default block is never used [E:/IC/Mark VI/src/Booth/Booth.v:33]
INFO: [Synth 8-226] default block is never used [E:/IC/Mark VI/src/Booth/Booth.v:33]
INFO: [Synth 8-226] default block is never used [E:/IC/Mark VI/src/Booth/Booth.v:33]
INFO: [Synth 8-226] default block is never used [E:/IC/Mark VI/src/Booth/Booth.v:33]
INFO: [Synth 8-6157] synthesizing module 'CSA' [E:/IC/Mark VI/src/Booth/CSA.v:1]
INFO: [Synth 8-6155] done synthesizing module 'CSA' (16#1) [E:/IC/Mark VI/src/Booth/CSA.v:1]
INFO: [Synth 8-6157] synthesizing module 'Knowles' [E:/IC/Aritmethic/Booth/Teste/Knowles.v:88]
INFO: [Synth 8-6155] done synthesizing module 'Knowles' (17#1) [E:/IC/Aritmethic/Booth/Teste/Knowles.v:88]
WARNING: [Synth 8-7071] port 'Cout' of module 'Knowles' is unconnected for instance 'CPA' [E:/IC/Mark VI/src/Booth/Booth.v:109]
WARNING: [Synth 8-7023] instance 'CPA' of module 'Knowles' has 5 connections declared, but only 4 given [E:/IC/Mark VI/src/Booth/Booth.v:109]
INFO: [Synth 8-6155] done synthesizing module 'Booth' (18#1) [E:/IC/Mark VI/src/Booth/Booth.v:1]
INFO: [Synth 8-6155] done synthesizing module 'EXU' (19#1) [E:/IC/Mark VI/src/EXU.v:1]
INFO: [Synth 8-6157] synthesizing module 'MAU' [E:/IC/Mark VI/src/MAU.v:1]
INFO: [Synth 8-6157] synthesizing module 'RAM' [E:/IC/Mark VI/Vivado/CPU/.Xil/Vivado-18496-DESKTOP-IQB8PGC/realtime/RAM_stub.v:6]
INFO: [Synth 8-6155] done synthesizing module 'RAM' (20#1) [E:/IC/Mark VI/Vivado/CPU/.Xil/Vivado-18496-DESKTOP-IQB8PGC/realtime/RAM_stub.v:6]
WARNING: [Synth 8-689] width (30) of port connection 'addra' does not match port width (8) of module 'RAM' [E:/IC/Mark VI/src/MAU.v:18]
INFO: [Synth 8-6155] done synthesizing module 'MAU' (21#1) [E:/IC/Mark VI/src/MAU.v:1]
INFO: [Synth 8-6157] synthesizing module 'WBU' [E:/IC/Mark VI/src/WBU.v:1]
INFO: [Synth 8-6157] synthesizing module 'LoadDecoder' [E:/IC/Mark VI/src/LoadDecoder.v:1]
INFO: [Synth 8-6155] done synthesizing module 'LoadDecoder' (22#1) [E:/IC/Mark VI/src/LoadDecoder.v:1]
INFO: [Synth 8-6155] done synthesizing module 'WBU' (23#1) [E:/IC/Mark VI/src/WBU.v:1]
INFO: [Synth 8-6155] done synthesizing module 'CPU' (24#1) [E:/IC/Mark VI/src/CPU.v:1]
---------------------------------------------------------------------------------
Finished Synthesize : Time (s): cpu = 00:00:11 ; elapsed = 00:00:10 . Memory (MB): peak = 1871.039 ; gain = 584.172
---------------------------------------------------------------------------------
Copyright 1986-2022 Xilinx, Inc. All Rights Reserved. Copyright 2022-2024 Advanced Micro Devices, Inc. All Rights Reserved.
---------------------------------------------------------------------------------------------------------------------------------------------
| Tool Version : Vivado v.2024.2 (win64) Build 5239630 Fri Nov 08 22:35:27 MST 2024
| Date         : Tue May 20 21:56:48 2025
| Host         : DESKTOP-IQB8PGC running 64-bit major release  (build 9200)
---------------------------------------------------------------------------------------------------------------------------------------------

RTL Linter Report

Table of Contents
-----------------
1. Summary

1. Summary
----------

+----------+------------------+--------------+----------+
| Rule ID  | Severity         | # Violations | # Waived |
+----------+------------------+--------------+----------+
| ASSIGN-5 | WARNING          | 1            | 0        |
| ASSIGN-6 | WARNING          | 17           | 0        |
| INFER-4  | CRITICAL WARNING | 116          | 0        |
| RESET-3  | CRITICAL WARNING | 1            | 0        |
+----------+------------------+--------------+----------+


WARNING: [Synth 37-124] [ASSIGN-5]Some bits in 'ii' are not set. First unset bit index is 0. 
RTL Name 'ii', Hierarchy 'Booth', File 'Booth.v', Line 16.
WARNING: [Synth 37-123] [ASSIGN-6]Some bits in 'C0' are not read. First unread bit index is 63. 
RTL Name 'C0', Hierarchy 'Booth', File 'Booth.v', Line 54.
WARNING: [Synth 37-123] [ASSIGN-6]Some bits in 'C1' are not read. First unread bit index is 63. 
RTL Name 'C1', Hierarchy 'Booth', File 'Booth.v', Line 54.
WARNING: [Synth 37-123] [ASSIGN-6]Some bits in 'C10' are not read. First unread bit index is 63. 
RTL Name 'C10', Hierarchy 'Booth', File 'Booth.v', Line 76.
WARNING: [Synth 37-123] [ASSIGN-6]Some bits in 'C11' are not read. First unread bit index is 63. 
RTL Name 'C11', Hierarchy 'Booth', File 'Booth.v', Line 76.
WARNING: [Synth 37-123] [ASSIGN-6]Some bits in 'C12' are not read. First unread bit index is 63. 
RTL Name 'C12', Hierarchy 'Booth', File 'Booth.v', Line 82.
WARNING: [Synth 37-123] [ASSIGN-6]Some bits in 'C13_reg' are not read. First unread bit index is 63. 
RTL Name 'C13_reg', Hierarchy 'Booth', File 'Booth.v', Line 90.
WARNING: [Synth 37-123] [ASSIGN-6]Some bits in 'C2' are not read. First unread bit index is 63. 
RTL Name 'C2', Hierarchy 'Booth', File 'Booth.v', Line 54.
WARNING: [Synth 37-123] [ASSIGN-6]Some bits in 'C3' are not read. First unread bit index is 63. 
RTL Name 'C3', Hierarchy 'Booth', File 'Booth.v', Line 54.
WARNING: [Synth 37-123] [ASSIGN-6]Some bits in 'C4' are not read. First unread bit index is 63. 
RTL Name 'C4', Hierarchy 'Booth', File 'Booth.v', Line 54.
WARNING: [Synth 37-123] [ASSIGN-6]Some bits in 'C5' are not read. First unread bit index is 63. 
RTL Name 'C5', Hierarchy 'Booth', File 'Booth.v', Line 63.
WARNING: [Synth 37-123] [ASSIGN-6]Some bits in 'C6' are not read. First unread bit index is 63. 
RTL Name 'C6', Hierarchy 'Booth', File 'Booth.v', Line 63.
WARNING: [Synth 37-123] [ASSIGN-6]Some bits in 'C7' are not read. First unread bit index is 63. 
RTL Name 'C7', Hierarchy 'Booth', File 'Booth.v', Line 63.
WARNING: [Synth 37-123] [ASSIGN-6]Some bits in 'C8' are not read. First unread bit index is 63. 
RTL Name 'C8', Hierarchy 'Booth', File 'Booth.v', Line 70.
WARNING: [Synth 37-123] [ASSIGN-6]Some bits in 'C9' are not read. First unread bit index is 63. 
RTL Name 'C9', Hierarchy 'Booth', File 'Booth.v', Line 70.
CRITICAL WARNING: [Synth 37-111] [RESET-3]Synchronous reset not found on register Q_reg and its enable logic contains synchronous reset in same always/process block.
RTL Name 'Q_reg', Hierarchy 'Divisor', File 'E:/IC/Mark VI/src/Divisor.v', Line 21.
WARNING: [Synth 37-123] [ASSIGN-6]Some bits in 'G2' are not read. First unread bit index is 60. 
RTL Name 'G2', Hierarchy 'Knowles', File 'Knowles.v', Line 103.
WARNING: [Synth 37-123] [ASSIGN-6]Some bits in 'G6' are not read. First unread bit index is 63. 
RTL Name 'G6', Hierarchy 'Knowles', File 'Knowles.v', Line 103.
WARNING: [Synth 37-123] [ASSIGN-6]Some bits in 'P5' are not read. First unread bit index is 0. 
RTL Name 'P5', Hierarchy 'Knowles', File 'Knowles.v', Line 103.
CRITICAL WARNING: [Synth 37-113] [INFER-4]Combination loop detected on 'G3' at '44' bit. 
Hierarchy 'Knowles', File 'E:/IC/Aritmethic/Booth/Teste/Knowles.v', Line 103.
CRITICAL WARNING: [Synth 37-113] [INFER-4]Combination loop detected on 'G3' at '43' bit. 
Hierarchy 'Knowles', File 'E:/IC/Aritmethic/Booth/Teste/Knowles.v', Line 103.
CRITICAL WARNING: [Synth 37-113] [INFER-4]Combination loop detected on 'G3' at '42' bit. 
Hierarchy 'Knowles', File 'E:/IC/Aritmethic/Booth/Teste/Knowles.v', Line 103.
CRITICAL WARNING: [Synth 37-113] [INFER-4]Combination loop detected on 'G3' at '41' bit. 
Hierarchy 'Knowles', File 'E:/IC/Aritmethic/Booth/Teste/Knowles.v', Line 103.
CRITICAL WARNING: [Synth 37-113] [INFER-4]Combination loop detected on 'G3' at '39' bit. 
Hierarchy 'Knowles', File 'E:/IC/Aritmethic/Booth/Teste/Knowles.v', Line 103.
CRITICAL WARNING: [Synth 37-113] [INFER-4]Combination loop detected on 'G3' at '38' bit. 
Hierarchy 'Knowles', File 'E:/IC/Aritmethic/Booth/Teste/Knowles.v', Line 103.
CRITICAL WARNING: [Synth 37-113] [INFER-4]Combination loop detected on 'G3' at '37' bit. 
Hierarchy 'Knowles', File 'E:/IC/Aritmethic/Booth/Teste/Knowles.v', Line 103.
CRITICAL WARNING: [Synth 37-113] [INFER-4]Combination loop detected on 'G3' at '36' bit. 
Hierarchy 'Knowles', File 'E:/IC/Aritmethic/Booth/Teste/Knowles.v', Line 103.
CRITICAL WARNING: [Synth 37-113] [INFER-4]Combination loop detected on 'G3' at '35' bit. 
Hierarchy 'Knowles', File 'E:/IC/Aritmethic/Booth/Teste/Knowles.v', Line 103.
CRITICAL WARNING: [Synth 37-113] [INFER-4]Combination loop detected on 'G3' at '34' bit. 
Hierarchy 'Knowles', File 'E:/IC/Aritmethic/Booth/Teste/Knowles.v', Line 103.
CRITICAL WARNING: [Synth 37-113] [INFER-4]Combination loop detected on 'G3' at '33' bit. 
Hierarchy 'Knowles', File 'E:/IC/Aritmethic/Booth/Teste/Knowles.v', Line 103.
CRITICAL WARNING: [Synth 37-113] [INFER-4]Combination loop detected on 'G3' at '32' bit. 
Hierarchy 'Knowles', File 'E:/IC/Aritmethic/Booth/Teste/Knowles.v', Line 103.
CRITICAL WARNING: [Synth 37-113] [INFER-4]Combination loop detected on 'G3' at '40' bit. 
Hierarchy 'Knowles', File 'E:/IC/Aritmethic/Booth/Teste/Knowles.v', Line 103.
CRITICAL WARNING: [Synth 37-113] [INFER-4]Combination loop detected on 'G3' at '31' bit. 
Hierarchy 'Knowles', File 'E:/IC/Aritmethic/Booth/Teste/Knowles.v', Line 103.
CRITICAL WARNING: [Synth 37-113] [INFER-4]Combination loop detected on 'G3' at '30' bit. 
Hierarchy 'Knowles', File 'E:/IC/Aritmethic/Booth/Teste/Knowles.v', Line 103.
CRITICAL WARNING: [Synth 37-113] [INFER-4]Combination loop detected on 'G3' at '29' bit. 
Hierarchy 'Knowles', File 'E:/IC/Aritmethic/Booth/Teste/Knowles.v', Line 103.
CRITICAL WARNING: [Synth 37-113] [INFER-4]Combination loop detected on 'G3' at '28' bit. 
Hierarchy 'Knowles', File 'E:/IC/Aritmethic/Booth/Teste/Knowles.v', Line 103.
CRITICAL WARNING: [Synth 37-113] [INFER-4]Combination loop detected on 'G3' at '27' bit. 
Hierarchy 'Knowles', File 'E:/IC/Aritmethic/Booth/Teste/Knowles.v', Line 103.
CRITICAL WARNING: [Synth 37-113] [INFER-4]Combination loop detected on 'G3' at '26' bit. 
Hierarchy 'Knowles', File 'E:/IC/Aritmethic/Booth/Teste/Knowles.v', Line 103.
CRITICAL WARNING: [Synth 37-113] [INFER-4]Combination loop detected on 'G3' at '25' bit. 
Hierarchy 'Knowles', File 'E:/IC/Aritmethic/Booth/Teste/Knowles.v', Line 103.
CRITICAL WARNING: [Synth 37-113] [INFER-4]Combination loop detected on 'G3' at '24' bit. 
Hierarchy 'Knowles', File 'E:/IC/Aritmethic/Booth/Teste/Knowles.v', Line 103.
CRITICAL WARNING: [Synth 37-113] [INFER-4]Combination loop detected on 'G3' at '23' bit. 
Hierarchy 'Knowles', File 'E:/IC/Aritmethic/Booth/Teste/Knowles.v', Line 103.
CRITICAL WARNING: [Synth 37-113] [INFER-4]Combination loop detected on 'G3' at '22' bit. 
Hierarchy 'Knowles', File 'E:/IC/Aritmethic/Booth/Teste/Knowles.v', Line 103.
CRITICAL WARNING: [Synth 37-113] [INFER-4]Combination loop detected on 'G3' at '20' bit. 
Hierarchy 'Knowles', File 'E:/IC/Aritmethic/Booth/Teste/Knowles.v', Line 103.
CRITICAL WARNING: [Synth 37-113] [INFER-4]Combination loop detected on 'G3' at '19' bit. 
Hierarchy 'Knowles', File 'E:/IC/Aritmethic/Booth/Teste/Knowles.v', Line 103.
CRITICAL WARNING: [Synth 37-113] [INFER-4]Combination loop detected on 'G3' at '18' bit. 
Hierarchy 'Knowles', File 'E:/IC/Aritmethic/Booth/Teste/Knowles.v', Line 103.
CRITICAL WARNING: [Synth 37-113] [INFER-4]Combination loop detected on 'G3' at '17' bit. 
Hierarchy 'Knowles', File 'E:/IC/Aritmethic/Booth/Teste/Knowles.v', Line 103.
CRITICAL WARNING: [Synth 37-113] [INFER-4]Combination loop detected on 'G3' at '16' bit. 
Hierarchy 'Knowles', File 'E:/IC/Aritmethic/Booth/Teste/Knowles.v', Line 103.
CRITICAL WARNING: [Synth 37-113] [INFER-4]Combination loop detected on 'G3' at '15' bit. 
Hierarchy 'Knowles', File 'E:/IC/Aritmethic/Booth/Teste/Knowles.v', Line 103.
CRITICAL WARNING: [Synth 37-113] [INFER-4]Combination loop detected on 'G3' at '14' bit. 
Hierarchy 'Knowles', File 'E:/IC/Aritmethic/Booth/Teste/Knowles.v', Line 103.
CRITICAL WARNING: [Synth 37-113] [INFER-4]Combination loop detected on 'G3' at '13' bit. 
Hierarchy 'Knowles', File 'E:/IC/Aritmethic/Booth/Teste/Knowles.v', Line 103.
CRITICAL WARNING: [Synth 37-113] [INFER-4]Combination loop detected on 'G3' at '12' bit. 
Hierarchy 'Knowles', File 'E:/IC/Aritmethic/Booth/Teste/Knowles.v', Line 103.
CRITICAL WARNING: [Synth 37-113] [INFER-4]Combination loop detected on 'G3' at '11' bit. 
Hierarchy 'Knowles', File 'E:/IC/Aritmethic/Booth/Teste/Knowles.v', Line 103.
CRITICAL WARNING: [Synth 37-113] [INFER-4]Combination loop detected on 'G3' at '10' bit. 
Hierarchy 'Knowles', File 'E:/IC/Aritmethic/Booth/Teste/Knowles.v', Line 103.
CRITICAL WARNING: [Synth 37-113] [INFER-4]Combination loop detected on 'G3' at '9' bit. 
Hierarchy 'Knowles', File 'E:/IC/Aritmethic/Booth/Teste/Knowles.v', Line 103.
CRITICAL WARNING: [Synth 37-113] [INFER-4]Combination loop detected on 'G3' at '8' bit. 
Hierarchy 'Knowles', File 'E:/IC/Aritmethic/Booth/Teste/Knowles.v', Line 103.
CRITICAL WARNING: [Synth 37-113] [INFER-4]Combination loop detected on 'G3' at '7' bit. 
Hierarchy 'Knowles', File 'E:/IC/Aritmethic/Booth/Teste/Knowles.v', Line 103.
CRITICAL WARNING: [Synth 37-113] [INFER-4]Combination loop detected on 'G3' at '6' bit. 
Hierarchy 'Knowles', File 'E:/IC/Aritmethic/Booth/Teste/Knowles.v', Line 103.
CRITICAL WARNING: [Synth 37-113] [INFER-4]Combination loop detected on 'G3' at '4' bit. 
Hierarchy 'Knowles', File 'E:/IC/Aritmethic/Booth/Teste/Knowles.v', Line 103.
CRITICAL WARNING: [Synth 37-113] [INFER-4]Combination loop detected on 'G3' at '5' bit. 
Hierarchy 'Knowles', File 'E:/IC/Aritmethic/Booth/Teste/Knowles.v', Line 103.
CRITICAL WARNING: [Synth 37-113] [INFER-4]Combination loop detected on 'G3' at '56' bit. 
Hierarchy 'Knowles', File 'E:/IC/Aritmethic/Booth/Teste/Knowles.v', Line 103.
CRITICAL WARNING: [Synth 37-113] [INFER-4]Combination loop detected on 'G3' at '63' bit. 
Hierarchy 'Knowles', File 'E:/IC/Aritmethic/Booth/Teste/Knowles.v', Line 103.
CRITICAL WARNING: [Synth 37-113] [INFER-4]Combination loop detected on 'G3' at '62' bit. 
Hierarchy 'Knowles', File 'E:/IC/Aritmethic/Booth/Teste/Knowles.v', Line 103.
CRITICAL WARNING: [Synth 37-113] [INFER-4]Combination loop detected on 'G3' at '61' bit. 
Hierarchy 'Knowles', File 'E:/IC/Aritmethic/Booth/Teste/Knowles.v', Line 103.
CRITICAL WARNING: [Synth 37-113] [INFER-4]Combination loop detected on 'G3' at '60' bit. 
Hierarchy 'Knowles', File 'E:/IC/Aritmethic/Booth/Teste/Knowles.v', Line 103.
CRITICAL WARNING: [Synth 37-113] [INFER-4]Combination loop detected on 'G3' at '59' bit. 
Hierarchy 'Knowles', File 'E:/IC/Aritmethic/Booth/Teste/Knowles.v', Line 103.
CRITICAL WARNING: [Synth 37-113] [INFER-4]Combination loop detected on 'G3' at '58' bit. 
Hierarchy 'Knowles', File 'E:/IC/Aritmethic/Booth/Teste/Knowles.v', Line 103.
CRITICAL WARNING: [Synth 37-113] [INFER-4]Combination loop detected on 'G3' at '57' bit. 
Hierarchy 'Knowles', File 'E:/IC/Aritmethic/Booth/Teste/Knowles.v', Line 103.
CRITICAL WARNING: [Synth 37-113] [INFER-4]Combination loop detected on 'G3' at '21' bit. 
Hierarchy 'Knowles', File 'E:/IC/Aritmethic/Booth/Teste/Knowles.v', Line 103.
CRITICAL WARNING: [Synth 37-113] [INFER-4]Combination loop detected on 'G3' at '55' bit. 
Hierarchy 'Knowles', File 'E:/IC/Aritmethic/Booth/Teste/Knowles.v', Line 103.
CRITICAL WARNING: [Synth 37-113] [INFER-4]Combination loop detected on 'G3' at '54' bit. 
Hierarchy 'Knowles', File 'E:/IC/Aritmethic/Booth/Teste/Knowles.v', Line 103.
CRITICAL WARNING: [Synth 37-113] [INFER-4]Combination loop detected on 'G3' at '53' bit. 
Hierarchy 'Knowles', File 'E:/IC/Aritmethic/Booth/Teste/Knowles.v', Line 103.
CRITICAL WARNING: [Synth 37-113] [INFER-4]Combination loop detected on 'G3' at '52' bit. 
Hierarchy 'Knowles', File 'E:/IC/Aritmethic/Booth/Teste/Knowles.v', Line 103.
CRITICAL WARNING: [Synth 37-113] [INFER-4]Combination loop detected on 'G3' at '51' bit. 
Hierarchy 'Knowles', File 'E:/IC/Aritmethic/Booth/Teste/Knowles.v', Line 103.
CRITICAL WARNING: [Synth 37-113] [INFER-4]Combination loop detected on 'G3' at '50' bit. 
Hierarchy 'Knowles', File 'E:/IC/Aritmethic/Booth/Teste/Knowles.v', Line 103.
CRITICAL WARNING: [Synth 37-113] [INFER-4]Combination loop detected on 'G3' at '49' bit. 
Hierarchy 'Knowles', File 'E:/IC/Aritmethic/Booth/Teste/Knowles.v', Line 103.
CRITICAL WARNING: [Synth 37-113] [INFER-4]Combination loop detected on 'G3' at '48' bit. 
Hierarchy 'Knowles', File 'E:/IC/Aritmethic/Booth/Teste/Knowles.v', Line 103.
CRITICAL WARNING: [Synth 37-113] [INFER-4]Combination loop detected on 'G3' at '47' bit. 
Hierarchy 'Knowles', File 'E:/IC/Aritmethic/Booth/Teste/Knowles.v', Line 103.
CRITICAL WARNING: [Synth 37-113] [INFER-4]Combination loop detected on 'G3' at '46' bit. 
Hierarchy 'Knowles', File 'E:/IC/Aritmethic/Booth/Teste/Knowles.v', Line 103.
CRITICAL WARNING: [Synth 37-113] [INFER-4]Combination loop detected on 'G3' at '45' bit. 
Hierarchy 'Knowles', File 'E:/IC/Aritmethic/Booth/Teste/Knowles.v', Line 103.
CRITICAL WARNING: [Synth 37-113] [INFER-4]Combination loop detected on 'P3' at '63' bit. 
Hierarchy 'Knowles', File 'E:/IC/Aritmethic/Booth/Teste/Knowles.v', Line 103.
CRITICAL WARNING: [Synth 37-113] [INFER-4]Combination loop detected on 'P3' at '62' bit. 
Hierarchy 'Knowles', File 'E:/IC/Aritmethic/Booth/Teste/Knowles.v', Line 103.
CRITICAL WARNING: [Synth 37-113] [INFER-4]Combination loop detected on 'P3' at '61' bit. 
Hierarchy 'Knowles', File 'E:/IC/Aritmethic/Booth/Teste/Knowles.v', Line 103.
CRITICAL WARNING: [Synth 37-113] [INFER-4]Combination loop detected on 'P3' at '60' bit. 
Hierarchy 'Knowles', File 'E:/IC/Aritmethic/Booth/Teste/Knowles.v', Line 103.
CRITICAL WARNING: [Synth 37-113] [INFER-4]Combination loop detected on 'P3' at '59' bit. 
Hierarchy 'Knowles', File 'E:/IC/Aritmethic/Booth/Teste/Knowles.v', Line 103.
CRITICAL WARNING: [Synth 37-113] [INFER-4]Combination loop detected on 'P3' at '58' bit. 
Hierarchy 'Knowles', File 'E:/IC/Aritmethic/Booth/Teste/Knowles.v', Line 103.
CRITICAL WARNING: [Synth 37-113] [INFER-4]Combination loop detected on 'P3' at '57' bit. 
Hierarchy 'Knowles', File 'E:/IC/Aritmethic/Booth/Teste/Knowles.v', Line 103.
CRITICAL WARNING: [Synth 37-113] [INFER-4]Combination loop detected on 'P3' at '56' bit. 
Hierarchy 'Knowles', File 'E:/IC/Aritmethic/Booth/Teste/Knowles.v', Line 103.
CRITICAL WARNING: [Synth 37-113] [INFER-4]Combination loop detected on 'P3' at '55' bit. 
Hierarchy 'Knowles', File 'E:/IC/Aritmethic/Booth/Teste/Knowles.v', Line 103.
CRITICAL WARNING: [Synth 37-113] [INFER-4]Combination loop detected on 'P3' at '54' bit. 
Hierarchy 'Knowles', File 'E:/IC/Aritmethic/Booth/Teste/Knowles.v', Line 103.
CRITICAL WARNING: [Synth 37-113] [INFER-4]Combination loop detected on 'P3' at '53' bit. 
Hierarchy 'Knowles', File 'E:/IC/Aritmethic/Booth/Teste/Knowles.v', Line 103.
CRITICAL WARNING: [Synth 37-113] [INFER-4]Combination loop detected on 'P3' at '52' bit. 
Hierarchy 'Knowles', File 'E:/IC/Aritmethic/Booth/Teste/Knowles.v', Line 103.
CRITICAL WARNING: [Synth 37-113] [INFER-4]Combination loop detected on 'P3' at '50' bit. 
Hierarchy 'Knowles', File 'E:/IC/Aritmethic/Booth/Teste/Knowles.v', Line 103.
CRITICAL WARNING: [Synth 37-113] [INFER-4]Combination loop detected on 'P3' at '49' bit. 
Hierarchy 'Knowles', File 'E:/IC/Aritmethic/Booth/Teste/Knowles.v', Line 103.
CRITICAL WARNING: [Synth 37-113] [INFER-4]Combination loop detected on 'P3' at '48' bit. 
Hierarchy 'Knowles', File 'E:/IC/Aritmethic/Booth/Teste/Knowles.v', Line 103.
CRITICAL WARNING: [Synth 37-113] [INFER-4]Combination loop detected on 'P3' at '47' bit. 
Hierarchy 'Knowles', File 'E:/IC/Aritmethic/Booth/Teste/Knowles.v', Line 103.
CRITICAL WARNING: [Synth 37-113] [INFER-4]Combination loop detected on 'P3' at '46' bit. 
Hierarchy 'Knowles', File 'E:/IC/Aritmethic/Booth/Teste/Knowles.v', Line 103.
CRITICAL WARNING: [Synth 37-113] [INFER-4]Combination loop detected on 'P3' at '45' bit. 
Hierarchy 'Knowles', File 'E:/IC/Aritmethic/Booth/Teste/Knowles.v', Line 103.
CRITICAL WARNING: [Synth 37-113] [INFER-4]Combination loop detected on 'P3' at '44' bit. 
Hierarchy 'Knowles', File 'E:/IC/Aritmethic/Booth/Teste/Knowles.v', Line 103.
CRITICAL WARNING: [Synth 37-113] [INFER-4]Combination loop detected on 'P3' at '43' bit. 
Hierarchy 'Knowles', File 'E:/IC/Aritmethic/Booth/Teste/Knowles.v', Line 103.
CRITICAL WARNING: [Synth 37-113] [INFER-4]Combination loop detected on 'P3' at '42' bit. 
Hierarchy 'Knowles', File 'E:/IC/Aritmethic/Booth/Teste/Knowles.v', Line 103.
CRITICAL WARNING: [Synth 37-113] [INFER-4]Combination loop detected on 'P3' at '41' bit. 
Hierarchy 'Knowles', File 'E:/IC/Aritmethic/Booth/Teste/Knowles.v', Line 103.
CRITICAL WARNING: [Synth 37-113] [INFER-4]Combination loop detected on 'P3' at '40' bit. 
Hierarchy 'Knowles', File 'E:/IC/Aritmethic/Booth/Teste/Knowles.v', Line 103.
CRITICAL WARNING: [Synth 37-113] [INFER-4]Combination loop detected on 'P3' at '51' bit. 
Hierarchy 'Knowles', File 'E:/IC/Aritmethic/Booth/Teste/Knowles.v', Line 103.
CRITICAL WARNING: [Synth 37-113] [INFER-4]Combination loop detected on 'P3' at '38' bit. 
Hierarchy 'Knowles', File 'E:/IC/Aritmethic/Booth/Teste/Knowles.v', Line 103.
CRITICAL WARNING: [Synth 37-113] [INFER-4]Combination loop detected on 'P3' at '37' bit. 
Hierarchy 'Knowles', File 'E:/IC/Aritmethic/Booth/Teste/Knowles.v', Line 103.
CRITICAL WARNING: [Synth 37-113] [INFER-4]Combination loop detected on 'P3' at '36' bit. 
Hierarchy 'Knowles', File 'E:/IC/Aritmethic/Booth/Teste/Knowles.v', Line 103.
CRITICAL WARNING: [Synth 37-113] [INFER-4]Combination loop detected on 'P3' at '28' bit. 
Hierarchy 'Knowles', File 'E:/IC/Aritmethic/Booth/Teste/Knowles.v', Line 103.
CRITICAL WARNING: [Synth 37-113] [INFER-4]Combination loop detected on 'P3' at '34' bit. 
Hierarchy 'Knowles', File 'E:/IC/Aritmethic/Booth/Teste/Knowles.v', Line 103.
CRITICAL WARNING: [Synth 37-113] [INFER-4]Combination loop detected on 'P3' at '33' bit. 
Hierarchy 'Knowles', File 'E:/IC/Aritmethic/Booth/Teste/Knowles.v', Line 103.
CRITICAL WARNING: [Synth 37-113] [INFER-4]Combination loop detected on 'P3' at '32' bit. 
Hierarchy 'Knowles', File 'E:/IC/Aritmethic/Booth/Teste/Knowles.v', Line 103.
CRITICAL WARNING: [Synth 37-113] [INFER-4]Combination loop detected on 'P3' at '31' bit. 
Hierarchy 'Knowles', File 'E:/IC/Aritmethic/Booth/Teste/Knowles.v', Line 103.
CRITICAL WARNING: [Synth 37-113] [INFER-4]Combination loop detected on 'P3' at '30' bit. 
Hierarchy 'Knowles', File 'E:/IC/Aritmethic/Booth/Teste/Knowles.v', Line 103.
CRITICAL WARNING: [Synth 37-113] [INFER-4]Combination loop detected on 'P3' at '29' bit. 
Hierarchy 'Knowles', File 'E:/IC/Aritmethic/Booth/Teste/Knowles.v', Line 103.
CRITICAL WARNING: [Synth 37-113] [INFER-4]Combination loop detected on 'P3' at '27' bit. 
Hierarchy 'Knowles', File 'E:/IC/Aritmethic/Booth/Teste/Knowles.v', Line 103.
CRITICAL WARNING: [Synth 37-113] [INFER-4]Combination loop detected on 'P3' at '26' bit. 
Hierarchy 'Knowles', File 'E:/IC/Aritmethic/Booth/Teste/Knowles.v', Line 103.
CRITICAL WARNING: [Synth 37-113] [INFER-4]Combination loop detected on 'P3' at '25' bit. 
Hierarchy 'Knowles', File 'E:/IC/Aritmethic/Booth/Teste/Knowles.v', Line 103.
CRITICAL WARNING: [Synth 37-113] [INFER-4]Combination loop detected on 'P3' at '24' bit. 
Hierarchy 'Knowles', File 'E:/IC/Aritmethic/Booth/Teste/Knowles.v', Line 103.
CRITICAL WARNING: [Synth 37-113] [INFER-4]Combination loop detected on 'P3' at '35' bit. 
Hierarchy 'Knowles', File 'E:/IC/Aritmethic/Booth/Teste/Knowles.v', Line 103.
CRITICAL WARNING: [Synth 37-113] [INFER-4]Combination loop detected on 'P3' at '39' bit. 
Hierarchy 'Knowles', File 'E:/IC/Aritmethic/Booth/Teste/Knowles.v', Line 103.
INFO: [Common 17-14] Message 'Synth 37-113' appears 100 times and further instances of the messages will be disabled. Use the Tcl command set_msg_config to change the current settings.
INFO: [Synth 37-85] Total of 135 linter message(s) generated.
INFO: [Synth 37-45] Linter Run Finished!
Synthesis Optimization Runtime : Time (s): cpu = 00:00:11 ; elapsed = 00:00:10 . Memory (MB): peak = 1871.039 ; gain = 584.172
INFO: [Common 17-83] Releasing license: Synthesis
72 Infos, 24 Warnings, 101 Critical Warnings and 0 Errors encountered.
synth_design completed successfully
synth_design: Time (s): cpu = 00:00:11 ; elapsed = 00:00:10 . Memory (MB): peak = 1871.039 ; gain = 589.387
synth_design -top CPU -part xc7a50tcsg324-3 -lint 
Command: synth_design -top CPU -part xc7a50tcsg324-3 -lint
Starting synth_design
Attempting to get a license for feature 'Synthesis' and/or device 'xc7a50t'
INFO: [Common 17-349] Got license for feature 'Synthesis' and/or device 'xc7a50t'
INFO: [Synth 8-7079] Multithreading enabled for synth_design using a maximum of 2 processes.
---------------------------------------------------------------------------------
Starting Synthesize : Time (s): cpu = 00:00:08 ; elapsed = 00:00:07 . Memory (MB): peak = 1871.039 ; gain = 0.000
---------------------------------------------------------------------------------
Clean up Linter database...
WARNING: [Synth 8-10388] /* is inside a comment [E:/IC/Aritmethic/Booth/Teste/Knowles.v:8]
INFO: [Synth 8-6157] synthesizing module 'CPU' [E:/IC/Mark VI/src/CPU.v:1]
INFO: [Synth 8-6157] synthesizing module 'HazardControl' [E:/IC/Mark VI/src/HazardControl.v:1]
INFO: [Synth 8-6155] done synthesizing module 'HazardControl' (1#1) [E:/IC/Mark VI/src/HazardControl.v:1]
INFO: [Synth 8-6157] synthesizing module 'IFU' [E:/IC/Mark VI/src/IFU.v:1]
INFO: [Synth 8-6157] synthesizing module 'Mux' [E:/IC/Mark VI/src/Mux.v:1]
INFO: [Synth 8-6155] done synthesizing module 'Mux' (2#1) [E:/IC/Mark VI/src/Mux.v:1]
INFO: [Synth 8-6157] synthesizing module 'Register' [E:/IC/Mark VI/src/Register.v:1]
INFO: [Synth 8-6155] done synthesizing module 'Register' (3#1) [E:/IC/Mark VI/src/Register.v:1]
INFO: [Synth 8-6157] synthesizing module 'Adder' [E:/IC/Mark VI/src/Adder.v:1]
INFO: [Synth 8-6155] done synthesizing module 'Adder' (4#1) [E:/IC/Mark VI/src/Adder.v:1]
INFO: [Synth 8-6157] synthesizing module 'ROM' [E:/IC/Mark VI/Vivado/CPU/.Xil/Vivado-18496-DESKTOP-IQB8PGC/realtime/ROM_stub.v:6]
INFO: [Synth 8-6155] done synthesizing module 'ROM' (5#1) [E:/IC/Mark VI/Vivado/CPU/.Xil/Vivado-18496-DESKTOP-IQB8PGC/realtime/ROM_stub.v:6]
WARNING: [Synth 8-689] width (30) of port connection 'a' does not match port width (8) of module 'ROM' [E:/IC/Mark VI/src/IFU.v:37]
INFO: [Synth 8-6155] done synthesizing module 'IFU' (6#1) [E:/IC/Mark VI/src/IFU.v:1]
INFO: [Synth 8-6157] synthesizing module 'IDU' [E:/IC/Mark VI/src/IDU.v:1]
INFO: [Synth 8-6157] synthesizing module 'Control' [E:/IC/Mark VI/src/Control.v:1]
INFO: [Synth 8-6155] done synthesizing module 'Control' (7#1) [E:/IC/Mark VI/src/Control.v:1]
INFO: [Synth 8-6157] synthesizing module 'RegisterFile' [E:/IC/Mark VI/src/RegisterFile.v:1]
INFO: [Synth 8-6155] done synthesizing module 'RegisterFile' (8#1) [E:/IC/Mark VI/src/RegisterFile.v:1]
INFO: [Synth 8-6157] synthesizing module 'Extend' [E:/IC/Mark VI/src/Extend.v:1]
INFO: [Synth 8-6155] done synthesizing module 'Extend' (9#1) [E:/IC/Mark VI/src/Extend.v:1]
INFO: [Synth 8-6155] done synthesizing module 'IDU' (10#1) [E:/IC/Mark VI/src/IDU.v:1]
INFO: [Synth 8-6157] synthesizing module 'EXU' [E:/IC/Mark VI/src/EXU.v:1]
INFO: [Synth 8-6157] synthesizing module 'Mux4x1' [E:/IC/Mark VI/src/Mux4x1.v:1]
INFO: [Synth 8-6155] done synthesizing module 'Mux4x1' (11#1) [E:/IC/Mark VI/src/Mux4x1.v:1]
INFO: [Synth 8-6157] synthesizing module 'StoreDecoder' [E:/IC/Mark VI/src/StoreDecoder.v:1]
INFO: [Synth 8-6155] done synthesizing module 'StoreDecoder' (12#1) [E:/IC/Mark VI/src/StoreDecoder.v:1]
INFO: [Synth 8-6157] synthesizing module 'BranchUnit' [E:/IC/Mark VI/src/BranchUnit.v:1]
INFO: [Synth 8-6155] done synthesizing module 'BranchUnit' (13#1) [E:/IC/Mark VI/src/BranchUnit.v:1]
INFO: [Synth 8-6157] synthesizing module 'ALU' [E:/IC/Mark VI/src/ALU.v:1]
INFO: [Synth 8-6155] done synthesizing module 'ALU' (14#1) [E:/IC/Mark VI/src/ALU.v:1]
INFO: [Synth 8-6157] synthesizing module 'Divisor' [E:/IC/Mark VI/src/Divisor.v:1]
INFO: [Synth 8-6155] done synthesizing module 'Divisor' (15#1) [E:/IC/Mark VI/src/Divisor.v:1]
INFO: [Synth 8-6157] synthesizing module 'Booth' [E:/IC/Mark VI/src/Booth/Booth.v:1]
INFO: [Synth 8-226] default block is never used [E:/IC/Mark VI/src/Booth/Booth.v:33]
INFO: [Synth 8-226] default block is never used [E:/IC/Mark VI/src/Booth/Booth.v:33]
INFO: [Synth 8-226] default block is never used [E:/IC/Mark VI/src/Booth/Booth.v:33]
INFO: [Synth 8-226] default block is never used [E:/IC/Mark VI/src/Booth/Booth.v:33]
INFO: [Synth 8-226] default block is never used [E:/IC/Mark VI/src/Booth/Booth.v:33]
INFO: [Synth 8-226] default block is never used [E:/IC/Mark VI/src/Booth/Booth.v:33]
INFO: [Synth 8-226] default block is never used [E:/IC/Mark VI/src/Booth/Booth.v:33]
INFO: [Synth 8-226] default block is never used [E:/IC/Mark VI/src/Booth/Booth.v:33]
INFO: [Synth 8-226] default block is never used [E:/IC/Mark VI/src/Booth/Booth.v:33]
INFO: [Synth 8-226] default block is never used [E:/IC/Mark VI/src/Booth/Booth.v:33]
INFO: [Synth 8-226] default block is never used [E:/IC/Mark VI/src/Booth/Booth.v:33]
INFO: [Synth 8-226] default block is never used [E:/IC/Mark VI/src/Booth/Booth.v:33]
INFO: [Synth 8-226] default block is never used [E:/IC/Mark VI/src/Booth/Booth.v:33]
INFO: [Synth 8-226] default block is never used [E:/IC/Mark VI/src/Booth/Booth.v:33]
INFO: [Synth 8-226] default block is never used [E:/IC/Mark VI/src/Booth/Booth.v:33]
INFO: [Synth 8-226] default block is never used [E:/IC/Mark VI/src/Booth/Booth.v:33]
INFO: [Synth 8-6157] synthesizing module 'CSA' [E:/IC/Mark VI/src/Booth/CSA.v:1]
INFO: [Synth 8-6155] done synthesizing module 'CSA' (16#1) [E:/IC/Mark VI/src/Booth/CSA.v:1]
INFO: [Synth 8-6157] synthesizing module 'Knowles' [E:/IC/Aritmethic/Booth/Teste/Knowles.v:88]
INFO: [Synth 8-6155] done synthesizing module 'Knowles' (17#1) [E:/IC/Aritmethic/Booth/Teste/Knowles.v:88]
WARNING: [Synth 8-7071] port 'Cout' of module 'Knowles' is unconnected for instance 'CPA' [E:/IC/Mark VI/src/Booth/Booth.v:109]
WARNING: [Synth 8-7023] instance 'CPA' of module 'Knowles' has 5 connections declared, but only 4 given [E:/IC/Mark VI/src/Booth/Booth.v:109]
INFO: [Synth 8-6155] done synthesizing module 'Booth' (18#1) [E:/IC/Mark VI/src/Booth/Booth.v:1]
INFO: [Synth 8-6155] done synthesizing module 'EXU' (19#1) [E:/IC/Mark VI/src/EXU.v:1]
INFO: [Synth 8-6157] synthesizing module 'MAU' [E:/IC/Mark VI/src/MAU.v:1]
INFO: [Synth 8-6157] synthesizing module 'RAM' [E:/IC/Mark VI/Vivado/CPU/.Xil/Vivado-18496-DESKTOP-IQB8PGC/realtime/RAM_stub.v:6]
INFO: [Synth 8-6155] done synthesizing module 'RAM' (20#1) [E:/IC/Mark VI/Vivado/CPU/.Xil/Vivado-18496-DESKTOP-IQB8PGC/realtime/RAM_stub.v:6]
WARNING: [Synth 8-689] width (30) of port connection 'addra' does not match port width (8) of module 'RAM' [E:/IC/Mark VI/src/MAU.v:18]
INFO: [Synth 8-6155] done synthesizing module 'MAU' (21#1) [E:/IC/Mark VI/src/MAU.v:1]
INFO: [Synth 8-6157] synthesizing module 'WBU' [E:/IC/Mark VI/src/WBU.v:1]
INFO: [Synth 8-6157] synthesizing module 'LoadDecoder' [E:/IC/Mark VI/src/LoadDecoder.v:1]
INFO: [Synth 8-6155] done synthesizing module 'LoadDecoder' (22#1) [E:/IC/Mark VI/src/LoadDecoder.v:1]
INFO: [Synth 8-6155] done synthesizing module 'WBU' (23#1) [E:/IC/Mark VI/src/WBU.v:1]
INFO: [Synth 8-6155] done synthesizing module 'CPU' (24#1) [E:/IC/Mark VI/src/CPU.v:1]
---------------------------------------------------------------------------------
Finished Synthesize : Time (s): cpu = 00:00:11 ; elapsed = 00:00:10 . Memory (MB): peak = 1907.695 ; gain = 36.656
---------------------------------------------------------------------------------
Copyright 1986-2022 Xilinx, Inc. All Rights Reserved. Copyright 2022-2024 Advanced Micro Devices, Inc. All Rights Reserved.
---------------------------------------------------------------------------------------------------------------------------------------------
| Tool Version : Vivado v.2024.2 (win64) Build 5239630 Fri Nov 08 22:35:27 MST 2024
| Date         : Tue May 20 21:57:16 2025
| Host         : DESKTOP-IQB8PGC running 64-bit major release  (build 9200)
---------------------------------------------------------------------------------------------------------------------------------------------

RTL Linter Report

Table of Contents
-----------------
1. Summary

1. Summary
----------

+----------+------------------+--------------+----------+
| Rule ID  | Severity         | # Violations | # Waived |
+----------+------------------+--------------+----------+
| ASSIGN-5 | WARNING          | 1            | 0        |
| ASSIGN-6 | WARNING          | 17           | 0        |
| INFER-4  | CRITICAL WARNING | 116          | 0        |
| RESET-3  | CRITICAL WARNING | 1            | 0        |
+----------+------------------+--------------+----------+


WARNING: [Synth 37-124] [ASSIGN-5]Some bits in 'ii' are not set. First unset bit index is 0. 
RTL Name 'ii', Hierarchy 'Booth', File 'Booth.v', Line 16.
WARNING: [Synth 37-123] [ASSIGN-6]Some bits in 'C0' are not read. First unread bit index is 63. 
RTL Name 'C0', Hierarchy 'Booth', File 'Booth.v', Line 54.
WARNING: [Synth 37-123] [ASSIGN-6]Some bits in 'C1' are not read. First unread bit index is 63. 
RTL Name 'C1', Hierarchy 'Booth', File 'Booth.v', Line 54.
WARNING: [Synth 37-123] [ASSIGN-6]Some bits in 'C10' are not read. First unread bit index is 63. 
RTL Name 'C10', Hierarchy 'Booth', File 'Booth.v', Line 76.
WARNING: [Synth 37-123] [ASSIGN-6]Some bits in 'C11' are not read. First unread bit index is 63. 
RTL Name 'C11', Hierarchy 'Booth', File 'Booth.v', Line 76.
WARNING: [Synth 37-123] [ASSIGN-6]Some bits in 'C12' are not read. First unread bit index is 63. 
RTL Name 'C12', Hierarchy 'Booth', File 'Booth.v', Line 82.
WARNING: [Synth 37-123] [ASSIGN-6]Some bits in 'C13_reg' are not read. First unread bit index is 63. 
RTL Name 'C13_reg', Hierarchy 'Booth', File 'Booth.v', Line 90.
WARNING: [Synth 37-123] [ASSIGN-6]Some bits in 'C2' are not read. First unread bit index is 63. 
RTL Name 'C2', Hierarchy 'Booth', File 'Booth.v', Line 54.
WARNING: [Synth 37-123] [ASSIGN-6]Some bits in 'C3' are not read. First unread bit index is 63. 
RTL Name 'C3', Hierarchy 'Booth', File 'Booth.v', Line 54.
WARNING: [Synth 37-123] [ASSIGN-6]Some bits in 'C4' are not read. First unread bit index is 63. 
RTL Name 'C4', Hierarchy 'Booth', File 'Booth.v', Line 54.
WARNING: [Synth 37-123] [ASSIGN-6]Some bits in 'C5' are not read. First unread bit index is 63. 
RTL Name 'C5', Hierarchy 'Booth', File 'Booth.v', Line 63.
WARNING: [Synth 37-123] [ASSIGN-6]Some bits in 'C6' are not read. First unread bit index is 63. 
RTL Name 'C6', Hierarchy 'Booth', File 'Booth.v', Line 63.
WARNING: [Synth 37-123] [ASSIGN-6]Some bits in 'C7' are not read. First unread bit index is 63. 
RTL Name 'C7', Hierarchy 'Booth', File 'Booth.v', Line 63.
WARNING: [Synth 37-123] [ASSIGN-6]Some bits in 'C8' are not read. First unread bit index is 63. 
RTL Name 'C8', Hierarchy 'Booth', File 'Booth.v', Line 70.
WARNING: [Synth 37-123] [ASSIGN-6]Some bits in 'C9' are not read. First unread bit index is 63. 
RTL Name 'C9', Hierarchy 'Booth', File 'Booth.v', Line 70.
CRITICAL WARNING: [Synth 37-111] [RESET-3]Synchronous reset not found on register Q_reg and its enable logic contains synchronous reset in same always/process block.
RTL Name 'Q_reg', Hierarchy 'Divisor', File 'E:/IC/Mark VI/src/Divisor.v', Line 21.
WARNING: [Synth 37-123] [ASSIGN-6]Some bits in 'G2' are not read. First unread bit index is 60. 
RTL Name 'G2', Hierarchy 'Knowles', File 'Knowles.v', Line 103.
WARNING: [Synth 37-123] [ASSIGN-6]Some bits in 'G6' are not read. First unread bit index is 63. 
RTL Name 'G6', Hierarchy 'Knowles', File 'Knowles.v', Line 103.
WARNING: [Synth 37-123] [ASSIGN-6]Some bits in 'P5' are not read. First unread bit index is 0. 
RTL Name 'P5', Hierarchy 'Knowles', File 'Knowles.v', Line 103.
CRITICAL WARNING: [Synth 37-113] [INFER-4]Combination loop detected on 'G3' at '44' bit. 
Hierarchy 'Knowles', File 'E:/IC/Aritmethic/Booth/Teste/Knowles.v', Line 103.
CRITICAL WARNING: [Synth 37-113] [INFER-4]Combination loop detected on 'G3' at '43' bit. 
Hierarchy 'Knowles', File 'E:/IC/Aritmethic/Booth/Teste/Knowles.v', Line 103.
CRITICAL WARNING: [Synth 37-113] [INFER-4]Combination loop detected on 'G3' at '42' bit. 
Hierarchy 'Knowles', File 'E:/IC/Aritmethic/Booth/Teste/Knowles.v', Line 103.
CRITICAL WARNING: [Synth 37-113] [INFER-4]Combination loop detected on 'G3' at '41' bit. 
Hierarchy 'Knowles', File 'E:/IC/Aritmethic/Booth/Teste/Knowles.v', Line 103.
CRITICAL WARNING: [Synth 37-113] [INFER-4]Combination loop detected on 'G3' at '39' bit. 
Hierarchy 'Knowles', File 'E:/IC/Aritmethic/Booth/Teste/Knowles.v', Line 103.
CRITICAL WARNING: [Synth 37-113] [INFER-4]Combination loop detected on 'G3' at '38' bit. 
Hierarchy 'Knowles', File 'E:/IC/Aritmethic/Booth/Teste/Knowles.v', Line 103.
CRITICAL WARNING: [Synth 37-113] [INFER-4]Combination loop detected on 'G3' at '37' bit. 
Hierarchy 'Knowles', File 'E:/IC/Aritmethic/Booth/Teste/Knowles.v', Line 103.
CRITICAL WARNING: [Synth 37-113] [INFER-4]Combination loop detected on 'G3' at '36' bit. 
Hierarchy 'Knowles', File 'E:/IC/Aritmethic/Booth/Teste/Knowles.v', Line 103.
CRITICAL WARNING: [Synth 37-113] [INFER-4]Combination loop detected on 'G3' at '35' bit. 
Hierarchy 'Knowles', File 'E:/IC/Aritmethic/Booth/Teste/Knowles.v', Line 103.
CRITICAL WARNING: [Synth 37-113] [INFER-4]Combination loop detected on 'G3' at '34' bit. 
Hierarchy 'Knowles', File 'E:/IC/Aritmethic/Booth/Teste/Knowles.v', Line 103.
CRITICAL WARNING: [Synth 37-113] [INFER-4]Combination loop detected on 'G3' at '33' bit. 
Hierarchy 'Knowles', File 'E:/IC/Aritmethic/Booth/Teste/Knowles.v', Line 103.
CRITICAL WARNING: [Synth 37-113] [INFER-4]Combination loop detected on 'G3' at '32' bit. 
Hierarchy 'Knowles', File 'E:/IC/Aritmethic/Booth/Teste/Knowles.v', Line 103.
CRITICAL WARNING: [Synth 37-113] [INFER-4]Combination loop detected on 'G3' at '40' bit. 
Hierarchy 'Knowles', File 'E:/IC/Aritmethic/Booth/Teste/Knowles.v', Line 103.
CRITICAL WARNING: [Synth 37-113] [INFER-4]Combination loop detected on 'G3' at '31' bit. 
Hierarchy 'Knowles', File 'E:/IC/Aritmethic/Booth/Teste/Knowles.v', Line 103.
CRITICAL WARNING: [Synth 37-113] [INFER-4]Combination loop detected on 'G3' at '30' bit. 
Hierarchy 'Knowles', File 'E:/IC/Aritmethic/Booth/Teste/Knowles.v', Line 103.
CRITICAL WARNING: [Synth 37-113] [INFER-4]Combination loop detected on 'G3' at '29' bit. 
Hierarchy 'Knowles', File 'E:/IC/Aritmethic/Booth/Teste/Knowles.v', Line 103.
CRITICAL WARNING: [Synth 37-113] [INFER-4]Combination loop detected on 'G3' at '28' bit. 
Hierarchy 'Knowles', File 'E:/IC/Aritmethic/Booth/Teste/Knowles.v', Line 103.
CRITICAL WARNING: [Synth 37-113] [INFER-4]Combination loop detected on 'G3' at '27' bit. 
Hierarchy 'Knowles', File 'E:/IC/Aritmethic/Booth/Teste/Knowles.v', Line 103.
CRITICAL WARNING: [Synth 37-113] [INFER-4]Combination loop detected on 'G3' at '26' bit. 
Hierarchy 'Knowles', File 'E:/IC/Aritmethic/Booth/Teste/Knowles.v', Line 103.
CRITICAL WARNING: [Synth 37-113] [INFER-4]Combination loop detected on 'G3' at '25' bit. 
Hierarchy 'Knowles', File 'E:/IC/Aritmethic/Booth/Teste/Knowles.v', Line 103.
CRITICAL WARNING: [Synth 37-113] [INFER-4]Combination loop detected on 'G3' at '24' bit. 
Hierarchy 'Knowles', File 'E:/IC/Aritmethic/Booth/Teste/Knowles.v', Line 103.
CRITICAL WARNING: [Synth 37-113] [INFER-4]Combination loop detected on 'G3' at '23' bit. 
Hierarchy 'Knowles', File 'E:/IC/Aritmethic/Booth/Teste/Knowles.v', Line 103.
CRITICAL WARNING: [Synth 37-113] [INFER-4]Combination loop detected on 'G3' at '22' bit. 
Hierarchy 'Knowles', File 'E:/IC/Aritmethic/Booth/Teste/Knowles.v', Line 103.
CRITICAL WARNING: [Synth 37-113] [INFER-4]Combination loop detected on 'G3' at '20' bit. 
Hierarchy 'Knowles', File 'E:/IC/Aritmethic/Booth/Teste/Knowles.v', Line 103.
CRITICAL WARNING: [Synth 37-113] [INFER-4]Combination loop detected on 'G3' at '19' bit. 
Hierarchy 'Knowles', File 'E:/IC/Aritmethic/Booth/Teste/Knowles.v', Line 103.
CRITICAL WARNING: [Synth 37-113] [INFER-4]Combination loop detected on 'G3' at '18' bit. 
Hierarchy 'Knowles', File 'E:/IC/Aritmethic/Booth/Teste/Knowles.v', Line 103.
CRITICAL WARNING: [Synth 37-113] [INFER-4]Combination loop detected on 'G3' at '17' bit. 
Hierarchy 'Knowles', File 'E:/IC/Aritmethic/Booth/Teste/Knowles.v', Line 103.
CRITICAL WARNING: [Synth 37-113] [INFER-4]Combination loop detected on 'G3' at '16' bit. 
Hierarchy 'Knowles', File 'E:/IC/Aritmethic/Booth/Teste/Knowles.v', Line 103.
CRITICAL WARNING: [Synth 37-113] [INFER-4]Combination loop detected on 'G3' at '15' bit. 
Hierarchy 'Knowles', File 'E:/IC/Aritmethic/Booth/Teste/Knowles.v', Line 103.
CRITICAL WARNING: [Synth 37-113] [INFER-4]Combination loop detected on 'G3' at '14' bit. 
Hierarchy 'Knowles', File 'E:/IC/Aritmethic/Booth/Teste/Knowles.v', Line 103.
CRITICAL WARNING: [Synth 37-113] [INFER-4]Combination loop detected on 'G3' at '13' bit. 
Hierarchy 'Knowles', File 'E:/IC/Aritmethic/Booth/Teste/Knowles.v', Line 103.
CRITICAL WARNING: [Synth 37-113] [INFER-4]Combination loop detected on 'G3' at '12' bit. 
Hierarchy 'Knowles', File 'E:/IC/Aritmethic/Booth/Teste/Knowles.v', Line 103.
CRITICAL WARNING: [Synth 37-113] [INFER-4]Combination loop detected on 'G3' at '11' bit. 
Hierarchy 'Knowles', File 'E:/IC/Aritmethic/Booth/Teste/Knowles.v', Line 103.
CRITICAL WARNING: [Synth 37-113] [INFER-4]Combination loop detected on 'G3' at '10' bit. 
Hierarchy 'Knowles', File 'E:/IC/Aritmethic/Booth/Teste/Knowles.v', Line 103.
CRITICAL WARNING: [Synth 37-113] [INFER-4]Combination loop detected on 'G3' at '9' bit. 
Hierarchy 'Knowles', File 'E:/IC/Aritmethic/Booth/Teste/Knowles.v', Line 103.
CRITICAL WARNING: [Synth 37-113] [INFER-4]Combination loop detected on 'G3' at '8' bit. 
Hierarchy 'Knowles', File 'E:/IC/Aritmethic/Booth/Teste/Knowles.v', Line 103.
CRITICAL WARNING: [Synth 37-113] [INFER-4]Combination loop detected on 'G3' at '7' bit. 
Hierarchy 'Knowles', File 'E:/IC/Aritmethic/Booth/Teste/Knowles.v', Line 103.
CRITICAL WARNING: [Synth 37-113] [INFER-4]Combination loop detected on 'G3' at '6' bit. 
Hierarchy 'Knowles', File 'E:/IC/Aritmethic/Booth/Teste/Knowles.v', Line 103.
CRITICAL WARNING: [Synth 37-113] [INFER-4]Combination loop detected on 'G3' at '4' bit. 
Hierarchy 'Knowles', File 'E:/IC/Aritmethic/Booth/Teste/Knowles.v', Line 103.
CRITICAL WARNING: [Synth 37-113] [INFER-4]Combination loop detected on 'G3' at '5' bit. 
Hierarchy 'Knowles', File 'E:/IC/Aritmethic/Booth/Teste/Knowles.v', Line 103.
CRITICAL WARNING: [Synth 37-113] [INFER-4]Combination loop detected on 'G3' at '56' bit. 
Hierarchy 'Knowles', File 'E:/IC/Aritmethic/Booth/Teste/Knowles.v', Line 103.
CRITICAL WARNING: [Synth 37-113] [INFER-4]Combination loop detected on 'G3' at '63' bit. 
Hierarchy 'Knowles', File 'E:/IC/Aritmethic/Booth/Teste/Knowles.v', Line 103.
CRITICAL WARNING: [Synth 37-113] [INFER-4]Combination loop detected on 'G3' at '62' bit. 
Hierarchy 'Knowles', File 'E:/IC/Aritmethic/Booth/Teste/Knowles.v', Line 103.
CRITICAL WARNING: [Synth 37-113] [INFER-4]Combination loop detected on 'G3' at '61' bit. 
Hierarchy 'Knowles', File 'E:/IC/Aritmethic/Booth/Teste/Knowles.v', Line 103.
CRITICAL WARNING: [Synth 37-113] [INFER-4]Combination loop detected on 'G3' at '60' bit. 
Hierarchy 'Knowles', File 'E:/IC/Aritmethic/Booth/Teste/Knowles.v', Line 103.
CRITICAL WARNING: [Synth 37-113] [INFER-4]Combination loop detected on 'G3' at '59' bit. 
Hierarchy 'Knowles', File 'E:/IC/Aritmethic/Booth/Teste/Knowles.v', Line 103.
CRITICAL WARNING: [Synth 37-113] [INFER-4]Combination loop detected on 'G3' at '58' bit. 
Hierarchy 'Knowles', File 'E:/IC/Aritmethic/Booth/Teste/Knowles.v', Line 103.
CRITICAL WARNING: [Synth 37-113] [INFER-4]Combination loop detected on 'G3' at '57' bit. 
Hierarchy 'Knowles', File 'E:/IC/Aritmethic/Booth/Teste/Knowles.v', Line 103.
CRITICAL WARNING: [Synth 37-113] [INFER-4]Combination loop detected on 'G3' at '21' bit. 
Hierarchy 'Knowles', File 'E:/IC/Aritmethic/Booth/Teste/Knowles.v', Line 103.
CRITICAL WARNING: [Synth 37-113] [INFER-4]Combination loop detected on 'G3' at '55' bit. 
Hierarchy 'Knowles', File 'E:/IC/Aritmethic/Booth/Teste/Knowles.v', Line 103.
CRITICAL WARNING: [Synth 37-113] [INFER-4]Combination loop detected on 'G3' at '54' bit. 
Hierarchy 'Knowles', File 'E:/IC/Aritmethic/Booth/Teste/Knowles.v', Line 103.
CRITICAL WARNING: [Synth 37-113] [INFER-4]Combination loop detected on 'G3' at '53' bit. 
Hierarchy 'Knowles', File 'E:/IC/Aritmethic/Booth/Teste/Knowles.v', Line 103.
CRITICAL WARNING: [Synth 37-113] [INFER-4]Combination loop detected on 'G3' at '52' bit. 
Hierarchy 'Knowles', File 'E:/IC/Aritmethic/Booth/Teste/Knowles.v', Line 103.
CRITICAL WARNING: [Synth 37-113] [INFER-4]Combination loop detected on 'G3' at '51' bit. 
Hierarchy 'Knowles', File 'E:/IC/Aritmethic/Booth/Teste/Knowles.v', Line 103.
CRITICAL WARNING: [Synth 37-113] [INFER-4]Combination loop detected on 'G3' at '50' bit. 
Hierarchy 'Knowles', File 'E:/IC/Aritmethic/Booth/Teste/Knowles.v', Line 103.
CRITICAL WARNING: [Synth 37-113] [INFER-4]Combination loop detected on 'G3' at '49' bit. 
Hierarchy 'Knowles', File 'E:/IC/Aritmethic/Booth/Teste/Knowles.v', Line 103.
CRITICAL WARNING: [Synth 37-113] [INFER-4]Combination loop detected on 'G3' at '48' bit. 
Hierarchy 'Knowles', File 'E:/IC/Aritmethic/Booth/Teste/Knowles.v', Line 103.
CRITICAL WARNING: [Synth 37-113] [INFER-4]Combination loop detected on 'G3' at '47' bit. 
Hierarchy 'Knowles', File 'E:/IC/Aritmethic/Booth/Teste/Knowles.v', Line 103.
CRITICAL WARNING: [Synth 37-113] [INFER-4]Combination loop detected on 'G3' at '46' bit. 
Hierarchy 'Knowles', File 'E:/IC/Aritmethic/Booth/Teste/Knowles.v', Line 103.
CRITICAL WARNING: [Synth 37-113] [INFER-4]Combination loop detected on 'G3' at '45' bit. 
Hierarchy 'Knowles', File 'E:/IC/Aritmethic/Booth/Teste/Knowles.v', Line 103.
CRITICAL WARNING: [Synth 37-113] [INFER-4]Combination loop detected on 'P3' at '63' bit. 
Hierarchy 'Knowles', File 'E:/IC/Aritmethic/Booth/Teste/Knowles.v', Line 103.
CRITICAL WARNING: [Synth 37-113] [INFER-4]Combination loop detected on 'P3' at '62' bit. 
Hierarchy 'Knowles', File 'E:/IC/Aritmethic/Booth/Teste/Knowles.v', Line 103.
CRITICAL WARNING: [Synth 37-113] [INFER-4]Combination loop detected on 'P3' at '61' bit. 
Hierarchy 'Knowles', File 'E:/IC/Aritmethic/Booth/Teste/Knowles.v', Line 103.
CRITICAL WARNING: [Synth 37-113] [INFER-4]Combination loop detected on 'P3' at '60' bit. 
Hierarchy 'Knowles', File 'E:/IC/Aritmethic/Booth/Teste/Knowles.v', Line 103.
CRITICAL WARNING: [Synth 37-113] [INFER-4]Combination loop detected on 'P3' at '59' bit. 
Hierarchy 'Knowles', File 'E:/IC/Aritmethic/Booth/Teste/Knowles.v', Line 103.
CRITICAL WARNING: [Synth 37-113] [INFER-4]Combination loop detected on 'P3' at '58' bit. 
Hierarchy 'Knowles', File 'E:/IC/Aritmethic/Booth/Teste/Knowles.v', Line 103.
CRITICAL WARNING: [Synth 37-113] [INFER-4]Combination loop detected on 'P3' at '57' bit. 
Hierarchy 'Knowles', File 'E:/IC/Aritmethic/Booth/Teste/Knowles.v', Line 103.
CRITICAL WARNING: [Synth 37-113] [INFER-4]Combination loop detected on 'P3' at '56' bit. 
Hierarchy 'Knowles', File 'E:/IC/Aritmethic/Booth/Teste/Knowles.v', Line 103.
CRITICAL WARNING: [Synth 37-113] [INFER-4]Combination loop detected on 'P3' at '55' bit. 
Hierarchy 'Knowles', File 'E:/IC/Aritmethic/Booth/Teste/Knowles.v', Line 103.
CRITICAL WARNING: [Synth 37-113] [INFER-4]Combination loop detected on 'P3' at '54' bit. 
Hierarchy 'Knowles', File 'E:/IC/Aritmethic/Booth/Teste/Knowles.v', Line 103.
CRITICAL WARNING: [Synth 37-113] [INFER-4]Combination loop detected on 'P3' at '53' bit. 
Hierarchy 'Knowles', File 'E:/IC/Aritmethic/Booth/Teste/Knowles.v', Line 103.
CRITICAL WARNING: [Synth 37-113] [INFER-4]Combination loop detected on 'P3' at '52' bit. 
Hierarchy 'Knowles', File 'E:/IC/Aritmethic/Booth/Teste/Knowles.v', Line 103.
CRITICAL WARNING: [Synth 37-113] [INFER-4]Combination loop detected on 'P3' at '50' bit. 
Hierarchy 'Knowles', File 'E:/IC/Aritmethic/Booth/Teste/Knowles.v', Line 103.
CRITICAL WARNING: [Synth 37-113] [INFER-4]Combination loop detected on 'P3' at '49' bit. 
Hierarchy 'Knowles', File 'E:/IC/Aritmethic/Booth/Teste/Knowles.v', Line 103.
CRITICAL WARNING: [Synth 37-113] [INFER-4]Combination loop detected on 'P3' at '48' bit. 
Hierarchy 'Knowles', File 'E:/IC/Aritmethic/Booth/Teste/Knowles.v', Line 103.
CRITICAL WARNING: [Synth 37-113] [INFER-4]Combination loop detected on 'P3' at '47' bit. 
Hierarchy 'Knowles', File 'E:/IC/Aritmethic/Booth/Teste/Knowles.v', Line 103.
CRITICAL WARNING: [Synth 37-113] [INFER-4]Combination loop detected on 'P3' at '46' bit. 
Hierarchy 'Knowles', File 'E:/IC/Aritmethic/Booth/Teste/Knowles.v', Line 103.
CRITICAL WARNING: [Synth 37-113] [INFER-4]Combination loop detected on 'P3' at '45' bit. 
Hierarchy 'Knowles', File 'E:/IC/Aritmethic/Booth/Teste/Knowles.v', Line 103.
CRITICAL WARNING: [Synth 37-113] [INFER-4]Combination loop detected on 'P3' at '44' bit. 
Hierarchy 'Knowles', File 'E:/IC/Aritmethic/Booth/Teste/Knowles.v', Line 103.
CRITICAL WARNING: [Synth 37-113] [INFER-4]Combination loop detected on 'P3' at '43' bit. 
Hierarchy 'Knowles', File 'E:/IC/Aritmethic/Booth/Teste/Knowles.v', Line 103.
CRITICAL WARNING: [Synth 37-113] [INFER-4]Combination loop detected on 'P3' at '42' bit. 
Hierarchy 'Knowles', File 'E:/IC/Aritmethic/Booth/Teste/Knowles.v', Line 103.
CRITICAL WARNING: [Synth 37-113] [INFER-4]Combination loop detected on 'P3' at '41' bit. 
Hierarchy 'Knowles', File 'E:/IC/Aritmethic/Booth/Teste/Knowles.v', Line 103.
CRITICAL WARNING: [Synth 37-113] [INFER-4]Combination loop detected on 'P3' at '40' bit. 
Hierarchy 'Knowles', File 'E:/IC/Aritmethic/Booth/Teste/Knowles.v', Line 103.
CRITICAL WARNING: [Synth 37-113] [INFER-4]Combination loop detected on 'P3' at '51' bit. 
Hierarchy 'Knowles', File 'E:/IC/Aritmethic/Booth/Teste/Knowles.v', Line 103.
CRITICAL WARNING: [Synth 37-113] [INFER-4]Combination loop detected on 'P3' at '38' bit. 
Hierarchy 'Knowles', File 'E:/IC/Aritmethic/Booth/Teste/Knowles.v', Line 103.
CRITICAL WARNING: [Synth 37-113] [INFER-4]Combination loop detected on 'P3' at '37' bit. 
Hierarchy 'Knowles', File 'E:/IC/Aritmethic/Booth/Teste/Knowles.v', Line 103.
CRITICAL WARNING: [Synth 37-113] [INFER-4]Combination loop detected on 'P3' at '36' bit. 
Hierarchy 'Knowles', File 'E:/IC/Aritmethic/Booth/Teste/Knowles.v', Line 103.
CRITICAL WARNING: [Synth 37-113] [INFER-4]Combination loop detected on 'P3' at '28' bit. 
Hierarchy 'Knowles', File 'E:/IC/Aritmethic/Booth/Teste/Knowles.v', Line 103.
CRITICAL WARNING: [Synth 37-113] [INFER-4]Combination loop detected on 'P3' at '34' bit. 
Hierarchy 'Knowles', File 'E:/IC/Aritmethic/Booth/Teste/Knowles.v', Line 103.
CRITICAL WARNING: [Synth 37-113] [INFER-4]Combination loop detected on 'P3' at '33' bit. 
Hierarchy 'Knowles', File 'E:/IC/Aritmethic/Booth/Teste/Knowles.v', Line 103.
CRITICAL WARNING: [Synth 37-113] [INFER-4]Combination loop detected on 'P3' at '32' bit. 
Hierarchy 'Knowles', File 'E:/IC/Aritmethic/Booth/Teste/Knowles.v', Line 103.
CRITICAL WARNING: [Synth 37-113] [INFER-4]Combination loop detected on 'P3' at '31' bit. 
Hierarchy 'Knowles', File 'E:/IC/Aritmethic/Booth/Teste/Knowles.v', Line 103.
CRITICAL WARNING: [Synth 37-113] [INFER-4]Combination loop detected on 'P3' at '30' bit. 
Hierarchy 'Knowles', File 'E:/IC/Aritmethic/Booth/Teste/Knowles.v', Line 103.
CRITICAL WARNING: [Synth 37-113] [INFER-4]Combination loop detected on 'P3' at '29' bit. 
Hierarchy 'Knowles', File 'E:/IC/Aritmethic/Booth/Teste/Knowles.v', Line 103.
CRITICAL WARNING: [Synth 37-113] [INFER-4]Combination loop detected on 'P3' at '27' bit. 
Hierarchy 'Knowles', File 'E:/IC/Aritmethic/Booth/Teste/Knowles.v', Line 103.
CRITICAL WARNING: [Synth 37-113] [INFER-4]Combination loop detected on 'P3' at '26' bit. 
Hierarchy 'Knowles', File 'E:/IC/Aritmethic/Booth/Teste/Knowles.v', Line 103.
CRITICAL WARNING: [Synth 37-113] [INFER-4]Combination loop detected on 'P3' at '25' bit. 
Hierarchy 'Knowles', File 'E:/IC/Aritmethic/Booth/Teste/Knowles.v', Line 103.
CRITICAL WARNING: [Synth 37-113] [INFER-4]Combination loop detected on 'P3' at '24' bit. 
Hierarchy 'Knowles', File 'E:/IC/Aritmethic/Booth/Teste/Knowles.v', Line 103.
CRITICAL WARNING: [Synth 37-113] [INFER-4]Combination loop detected on 'P3' at '35' bit. 
Hierarchy 'Knowles', File 'E:/IC/Aritmethic/Booth/Teste/Knowles.v', Line 103.
CRITICAL WARNING: [Synth 37-113] [INFER-4]Combination loop detected on 'P3' at '39' bit. 
Hierarchy 'Knowles', File 'E:/IC/Aritmethic/Booth/Teste/Knowles.v', Line 103.
INFO: [Common 17-14] Message 'Synth 37-113' appears 100 times and further instances of the messages will be disabled. Use the Tcl command set_msg_config to change the current settings.
INFO: [Synth 37-85] Total of 135 linter message(s) generated.
INFO: [Synth 37-45] Linter Run Finished!
Synthesis Optimization Runtime : Time (s): cpu = 00:00:11 ; elapsed = 00:00:10 . Memory (MB): peak = 1907.695 ; gain = 36.656
INFO: [Common 17-83] Releasing license: Synthesis
70 Infos, 23 Warnings, 101 Critical Warnings and 0 Errors encountered.
synth_design completed successfully
synth_design: Time (s): cpu = 00:00:12 ; elapsed = 00:00:11 . Memory (MB): peak = 1907.695 ; gain = 36.656
synth_design -rtl -rtl_skip_mlo -name rtl_1
Command: synth_design -rtl -rtl_skip_mlo -name rtl_1
Starting synth_design
Using part: xc7a50tcsg324-3
Top: CPU
INFO: [Device 21-403] Loading part xc7a50tcsg324-3
INFO: [Synth 8-7079] Multithreading enabled for synth_design using a maximum of 2 processes.
---------------------------------------------------------------------------------
Starting RTL Elaboration : Time (s): cpu = 00:00:10 ; elapsed = 00:00:09 . Memory (MB): peak = 1955.523 ; gain = 26.773
---------------------------------------------------------------------------------
WARNING: [Synth 8-10388] /* is inside a comment [E:/IC/Aritmethic/Booth/Teste/Knowles.v:8]
INFO: [Synth 8-6157] synthesizing module 'CPU' [E:/IC/Mark VI/src/CPU.v:1]
INFO: [Synth 8-6157] synthesizing module 'HazardControl' [E:/IC/Mark VI/src/HazardControl.v:1]
INFO: [Synth 8-6155] done synthesizing module 'HazardControl' (0#1) [E:/IC/Mark VI/src/HazardControl.v:1]
INFO: [Synth 8-6157] synthesizing module 'IFU' [E:/IC/Mark VI/src/IFU.v:1]
INFO: [Synth 8-6157] synthesizing module 'Mux' [E:/IC/Mark VI/src/Mux.v:1]
INFO: [Synth 8-6155] done synthesizing module 'Mux' (0#1) [E:/IC/Mark VI/src/Mux.v:1]
INFO: [Synth 8-6157] synthesizing module 'Register' [E:/IC/Mark VI/src/Register.v:1]
INFO: [Synth 8-6155] done synthesizing module 'Register' (0#1) [E:/IC/Mark VI/src/Register.v:1]
INFO: [Synth 8-6157] synthesizing module 'Adder' [E:/IC/Mark VI/src/Adder.v:1]
INFO: [Synth 8-6155] done synthesizing module 'Adder' (0#1) [E:/IC/Mark VI/src/Adder.v:1]
INFO: [Synth 8-6157] synthesizing module 'ROM' [E:/IC/Mark VI/Vivado/CPU/.Xil/Vivado-18496-DESKTOP-IQB8PGC/realtime/ROM_stub.v:6]
INFO: [Synth 8-6155] done synthesizing module 'ROM' (0#1) [E:/IC/Mark VI/Vivado/CPU/.Xil/Vivado-18496-DESKTOP-IQB8PGC/realtime/ROM_stub.v:6]
WARNING: [Synth 8-689] width (30) of port connection 'a' does not match port width (8) of module 'ROM' [E:/IC/Mark VI/src/IFU.v:37]
INFO: [Synth 8-6155] done synthesizing module 'IFU' (0#1) [E:/IC/Mark VI/src/IFU.v:1]
INFO: [Synth 8-6157] synthesizing module 'IDU' [E:/IC/Mark VI/src/IDU.v:1]
INFO: [Synth 8-6157] synthesizing module 'Control' [E:/IC/Mark VI/src/Control.v:1]
INFO: [Synth 8-6155] done synthesizing module 'Control' (0#1) [E:/IC/Mark VI/src/Control.v:1]
INFO: [Synth 8-6157] synthesizing module 'RegisterFile' [E:/IC/Mark VI/src/RegisterFile.v:1]
INFO: [Synth 8-6155] done synthesizing module 'RegisterFile' (0#1) [E:/IC/Mark VI/src/RegisterFile.v:1]
INFO: [Synth 8-6157] synthesizing module 'Extend' [E:/IC/Mark VI/src/Extend.v:1]
INFO: [Synth 8-6155] done synthesizing module 'Extend' (0#1) [E:/IC/Mark VI/src/Extend.v:1]
INFO: [Synth 8-6155] done synthesizing module 'IDU' (0#1) [E:/IC/Mark VI/src/IDU.v:1]
INFO: [Synth 8-6157] synthesizing module 'EXU' [E:/IC/Mark VI/src/EXU.v:1]
INFO: [Synth 8-6157] synthesizing module 'Mux4x1' [E:/IC/Mark VI/src/Mux4x1.v:1]
INFO: [Synth 8-6155] done synthesizing module 'Mux4x1' (0#1) [E:/IC/Mark VI/src/Mux4x1.v:1]
INFO: [Synth 8-6157] synthesizing module 'StoreDecoder' [E:/IC/Mark VI/src/StoreDecoder.v:1]
INFO: [Synth 8-6155] done synthesizing module 'StoreDecoder' (0#1) [E:/IC/Mark VI/src/StoreDecoder.v:1]
INFO: [Synth 8-6157] synthesizing module 'BranchUnit' [E:/IC/Mark VI/src/BranchUnit.v:1]
INFO: [Synth 8-6155] done synthesizing module 'BranchUnit' (0#1) [E:/IC/Mark VI/src/BranchUnit.v:1]
INFO: [Synth 8-6157] synthesizing module 'ALU' [E:/IC/Mark VI/src/ALU.v:1]
INFO: [Synth 8-6155] done synthesizing module 'ALU' (0#1) [E:/IC/Mark VI/src/ALU.v:1]
INFO: [Synth 8-6157] synthesizing module 'Divisor' [E:/IC/Mark VI/src/Divisor.v:1]
INFO: [Synth 8-6155] done synthesizing module 'Divisor' (0#1) [E:/IC/Mark VI/src/Divisor.v:1]
INFO: [Synth 8-6157] synthesizing module 'Booth' [E:/IC/Mark VI/src/Booth/Booth.v:1]
INFO: [Synth 8-226] default block is never used [E:/IC/Mark VI/src/Booth/Booth.v:33]
INFO: [Synth 8-226] default block is never used [E:/IC/Mark VI/src/Booth/Booth.v:33]
INFO: [Synth 8-226] default block is never used [E:/IC/Mark VI/src/Booth/Booth.v:33]
INFO: [Synth 8-226] default block is never used [E:/IC/Mark VI/src/Booth/Booth.v:33]
INFO: [Synth 8-226] default block is never used [E:/IC/Mark VI/src/Booth/Booth.v:33]
INFO: [Synth 8-226] default block is never used [E:/IC/Mark VI/src/Booth/Booth.v:33]
INFO: [Synth 8-226] default block is never used [E:/IC/Mark VI/src/Booth/Booth.v:33]
INFO: [Synth 8-226] default block is never used [E:/IC/Mark VI/src/Booth/Booth.v:33]
INFO: [Synth 8-226] default block is never used [E:/IC/Mark VI/src/Booth/Booth.v:33]
INFO: [Synth 8-226] default block is never used [E:/IC/Mark VI/src/Booth/Booth.v:33]
INFO: [Synth 8-226] default block is never used [E:/IC/Mark VI/src/Booth/Booth.v:33]
INFO: [Synth 8-226] default block is never used [E:/IC/Mark VI/src/Booth/Booth.v:33]
INFO: [Synth 8-226] default block is never used [E:/IC/Mark VI/src/Booth/Booth.v:33]
INFO: [Synth 8-226] default block is never used [E:/IC/Mark VI/src/Booth/Booth.v:33]
INFO: [Synth 8-226] default block is never used [E:/IC/Mark VI/src/Booth/Booth.v:33]
INFO: [Synth 8-226] default block is never used [E:/IC/Mark VI/src/Booth/Booth.v:33]
INFO: [Synth 8-6157] synthesizing module 'CSA' [E:/IC/Mark VI/src/Booth/CSA.v:1]
INFO: [Synth 8-6155] done synthesizing module 'CSA' (0#1) [E:/IC/Mark VI/src/Booth/CSA.v:1]
INFO: [Synth 8-6157] synthesizing module 'Knowles' [E:/IC/Aritmethic/Booth/Teste/Knowles.v:88]
INFO: [Synth 8-6155] done synthesizing module 'Knowles' (0#1) [E:/IC/Aritmethic/Booth/Teste/Knowles.v:88]
WARNING: [Synth 8-7071] port 'Cout' of module 'Knowles' is unconnected for instance 'CPA' [E:/IC/Mark VI/src/Booth/Booth.v:109]
WARNING: [Synth 8-7023] instance 'CPA' of module 'Knowles' has 5 connections declared, but only 4 given [E:/IC/Mark VI/src/Booth/Booth.v:109]
INFO: [Synth 8-6155] done synthesizing module 'Booth' (0#1) [E:/IC/Mark VI/src/Booth/Booth.v:1]
INFO: [Synth 8-6155] done synthesizing module 'EXU' (0#1) [E:/IC/Mark VI/src/EXU.v:1]
INFO: [Synth 8-6157] synthesizing module 'MAU' [E:/IC/Mark VI/src/MAU.v:1]
INFO: [Synth 8-6157] synthesizing module 'RAM' [E:/IC/Mark VI/Vivado/CPU/.Xil/Vivado-18496-DESKTOP-IQB8PGC/realtime/RAM_stub.v:6]
INFO: [Synth 8-6155] done synthesizing module 'RAM' (0#1) [E:/IC/Mark VI/Vivado/CPU/.Xil/Vivado-18496-DESKTOP-IQB8PGC/realtime/RAM_stub.v:6]
WARNING: [Synth 8-689] width (30) of port connection 'addra' does not match port width (8) of module 'RAM' [E:/IC/Mark VI/src/MAU.v:18]
INFO: [Synth 8-6155] done synthesizing module 'MAU' (0#1) [E:/IC/Mark VI/src/MAU.v:1]
INFO: [Synth 8-6157] synthesizing module 'WBU' [E:/IC/Mark VI/src/WBU.v:1]
INFO: [Synth 8-6157] synthesizing module 'LoadDecoder' [E:/IC/Mark VI/src/LoadDecoder.v:1]
INFO: [Synth 8-6155] done synthesizing module 'LoadDecoder' (0#1) [E:/IC/Mark VI/src/LoadDecoder.v:1]
INFO: [Synth 8-6155] done synthesizing module 'WBU' (0#1) [E:/IC/Mark VI/src/WBU.v:1]
INFO: [Synth 8-6155] done synthesizing module 'CPU' (0#1) [E:/IC/Mark VI/src/CPU.v:1]
---------------------------------------------------------------------------------
Finished RTL Elaboration : Time (s): cpu = 00:00:13 ; elapsed = 00:00:12 . Memory (MB): peak = 2075.613 ; gain = 146.863
---------------------------------------------------------------------------------
---------------------------------------------------------------------------------
Start Handling Custom Attributes
---------------------------------------------------------------------------------
---------------------------------------------------------------------------------
Finished Handling Custom Attributes : Time (s): cpu = 00:00:14 ; elapsed = 00:00:12 . Memory (MB): peak = 2075.613 ; gain = 146.863
---------------------------------------------------------------------------------
---------------------------------------------------------------------------------
Finished RTL Optimization Phase 1 : Time (s): cpu = 00:00:14 ; elapsed = 00:00:12 . Memory (MB): peak = 2075.613 ; gain = 146.863
---------------------------------------------------------------------------------
INFO: [Project 1-454] Reading design checkpoint 'e:/IC/Mark VI/Vivado/CPU/CPU.gen/sources_1/ip/ROM/ROM.dcp' for cell 'InstructionFetchUnit/InstructionMemory'
INFO: [Project 1-454] Reading design checkpoint 'e:/IC/Mark VI/Vivado/CPU/CPU.gen/sources_1/ip/RAM/RAM.dcp' for cell 'MemoryAccessUnit/DataMemory'
Netlist sorting complete. Time (s): cpu = 00:00:01 ; elapsed = 00:00:00.173 . Memory (MB): peak = 2075.613 ; gain = 0.000
INFO: [Netlist 29-17] Analyzing 1 Unisim elements for replacement
INFO: [Netlist 29-28] Unisim Transformation completed in 0 CPU seconds
INFO: [Project 1-479] Netlist was created with Vivado 2024.2
INFO: [Project 1-570] Preparing netlist for logic optimization

Processing XDC Constraints
Initializing timing engine
Parsing XDC File [E:/IC/Mark VI/constraints/RISCV.xdc]
Finished Parsing XDC File [E:/IC/Mark VI/constraints/RISCV.xdc]
Completed Processing XDC Constraints

Netlist sorting complete. Time (s): cpu = 00:00:00 ; elapsed = 00:00:00.001 . Memory (MB): peak = 2127.316 ; gain = 0.000
INFO: [Project 1-111] Unisim Transformation Summary:
No Unisim elements were transformed.

RTL Elaboration Complete:  : Time (s): cpu = 00:00:34 ; elapsed = 00:00:23 . Memory (MB): peak = 2415.027 ; gain = 486.277
73 Infos, 5 Warnings, 0 Critical Warnings and 0 Errors encountered.
synth_design completed successfully
synth_design: Time (s): cpu = 00:00:38 ; elapsed = 00:00:37 . Memory (MB): peak = 2415.027 ; gain = 507.332
generate_target Simulation [get_files {E:/IC/Mark VI/Vivado/CPU/CPU.srcs/sources_1/ip/ROM/ROM.xci}]
WARNING: [Vivado 12-818] No files matched 'E:/IC/Mark'
WARNING: [Vivado 12-818] No files matched 'VI/Vivado/CPU/CPU.srcs/sources_1/ip/ROM/ROM.xci'
export_ip_user_files -of_objects [get_files {E:/IC/Mark VI/Vivado/CPU/CPU.srcs/sources_1/ip/ROM/ROM.xci}] -no_script -sync -force -quiet
WARNING: [Vivado 12-818] No files matched 'E:/IC/Mark'
WARNING: [Vivado 12-818] No files matched 'VI/Vivado/CPU/CPU.srcs/sources_1/ip/ROM/ROM.xci'
export_simulation -of_objects [get_files {{E:/IC/Mark VI/Vivado/CPU/CPU.srcs/sources_1/ip/ROM/ROM.xci}}] -directory {E:/IC/Mark VI/Vivado/CPU/CPU.ip_user_files/sim_scripts} -ip_user_files_dir {E:/IC/Mark VI/Vivado/CPU/CPU.ip_user_files} -ipstatic_source_dir {E:/IC/Mark VI/Vivado/CPU/CPU.ip_user_files/ipstatic} -lib_map_path [list {modelsim=E:/IC/Mark VI/Vivado/CPU/CPU.cache/compile_simlib/modelsim} {questa=E:/IC/Mark VI/Vivado/CPU/CPU.cache/compile_simlib/questa} {riviera=E:/IC/Mark VI/Vivado/CPU/CPU.cache/compile_simlib/riviera} {activehdl=E:/IC/Mark VI/Vivado/CPU/CPU.cache/compile_simlib/activehdl}] -use_ip_compiled_libs -force -quiet
launch_simulation
Command: launch_simulation 
INFO: [Vivado 12-12493] Simulation top is 'testbench'
WARNING: [Vivado 12-13340] Unable to auto find GCC executables from simulator install path! (path not set)
INFO: [Vivado 12-5698] Checking validity of IPs in the design for the 'XSim' simulator...
INFO: [Vivado 12-5682] Launching behavioral simulation in 'E:/IC/Mark VI/Vivado/CPU/CPU.sim/sim_1/behav/xsim'
INFO: [Vivado 12-4795] Using compiled simulation libraries for IPs
INFO: [SIM-utils-51] Simulation object is 'sim_1'
INFO: [SIM-utils-72] Using boost library from 'E:/Vivado/Vivado/2024.2/tps/boost_1_72_0'
INFO: [USF-XSim-7] Finding pre-compiled libraries...
INFO: [USF-XSim-11] File 'E:/Vivado/Vivado/2024.2/data/xsim/xsim.ini' copied to run dir:'E:/IC/Mark VI/Vivado/CPU/CPU.sim/sim_1/behav/xsim'
INFO: [SIM-utils-54] Inspecting design source files for 'testbench' in fileset 'sim_1'...
INFO: [SIM-utils-43] Exported 'E:/IC/Mark VI/Vivado/CPU/CPU.sim/sim_1/behav/xsim/ROM.mif'
INFO: [SIM-utils-43] Exported 'E:/IC/Mark VI/Vivado/CPU/CPU.sim/sim_1/behav/xsim/muldiv.coe'
INFO: [SIM-utils-43] Exported 'E:/IC/Mark VI/Vivado/CPU/CPU.sim/sim_1/behav/xsim/riscvtest.coe'
INFO: [SIM-utils-43] Exported 'E:/IC/Mark VI/Vivado/CPU/CPU.sim/sim_1/behav/xsim/ROM.coe'
INFO: [SIM-utils-43] Exported 'E:/IC/Mark VI/Vivado/CPU/CPU.sim/sim_1/behav/xsim/donkey.coe'
INFO: [SIM-utils-43] Exported 'E:/IC/Mark VI/Vivado/CPU/CPU.sim/sim_1/behav/xsim/donkey2.coe'
INFO: [USF-XSim-97] Finding global include files...
INFO: [USF-XSim-98] Fetching design files from 'sim_1'...
INFO: [USF-XSim-2] XSim::Compile design
INFO: [USF-XSim-61] Executing 'COMPILE and ANALYZE' step in 'E:/IC/Mark VI/Vivado/CPU/CPU.sim/sim_1/behav/xsim'
"xvlog --incr --relax -prj testbench_vlog.prj"
INFO: [VRFC 10-2263] Analyzing Verilog file "E:/IC/Mark VI/Vivado/CPU/CPU.gen/sources_1/ip/RAM/sim/RAM.v" into library xil_defaultlib
INFO: [VRFC 10-311] analyzing module RAM
INFO: [VRFC 10-2263] Analyzing Verilog file "E:/IC/Mark VI/Vivado/CPU/CPU.gen/sources_1/ip/ROM/sim/ROM.v" into library xil_defaultlib
INFO: [VRFC 10-311] analyzing module ROM
INFO: [VRFC 10-2263] Analyzing Verilog file "E:/IC/Mark VI/src/ALU.v" into library xil_defaultlib
INFO: [VRFC 10-311] analyzing module ALU
INFO: [VRFC 10-2263] Analyzing Verilog file "E:/IC/Mark VI/src/Adder.v" into library xil_defaultlib
INFO: [VRFC 10-311] analyzing module Adder
INFO: [VRFC 10-2263] Analyzing Verilog file "E:/IC/Mark VI/src/Booth/Booth.v" into library xil_defaultlib
INFO: [VRFC 10-311] analyzing module Booth
INFO: [VRFC 10-2263] Analyzing Verilog file "E:/IC/Mark VI/src/BranchUnit.v" into library xil_defaultlib
INFO: [VRFC 10-311] analyzing module BranchUnit
INFO: [VRFC 10-2263] Analyzing Verilog file "E:/IC/Mark VI/src/CPU.v" into library xil_defaultlib
INFO: [VRFC 10-311] analyzing module CPU
INFO: [VRFC 10-2263] Analyzing Verilog file "E:/IC/Mark VI/src/Booth/CSA.v" into library xil_defaultlib
INFO: [VRFC 10-311] analyzing module CSA
INFO: [VRFC 10-2263] Analyzing Verilog file "E:/IC/Mark VI/src/Control.v" into library xil_defaultlib
INFO: [VRFC 10-311] analyzing module Control
INFO: [VRFC 10-2263] Analyzing Verilog file "E:/IC/Mark VI/src/Divisor.v" into library xil_defaultlib
INFO: [VRFC 10-311] analyzing module Divisor
INFO: [VRFC 10-2263] Analyzing Verilog file "E:/IC/Mark VI/src/EXU.v" into library xil_defaultlib
INFO: [VRFC 10-311] analyzing module EXU
INFO: [VRFC 10-2263] Analyzing Verilog file "E:/IC/Mark VI/src/Extend.v" into library xil_defaultlib
INFO: [VRFC 10-311] analyzing module Extend
INFO: [VRFC 10-2263] Analyzing Verilog file "E:/IC/Mark VI/src/HazardControl.v" into library xil_defaultlib
INFO: [VRFC 10-311] analyzing module HazardControl
INFO: [VRFC 10-2263] Analyzing Verilog file "E:/IC/Mark VI/src/IDU.v" into library xil_defaultlib
INFO: [VRFC 10-311] analyzing module IDU
INFO: [VRFC 10-2263] Analyzing Verilog file "E:/IC/Mark VI/src/IFU.v" into library xil_defaultlib
INFO: [VRFC 10-311] analyzing module IFU
INFO: [VRFC 10-2263] Analyzing Verilog file "E:/IC/Aritmethic/Booth/Teste/Knowles.v" into library xil_defaultlib
WARNING: [VRFC 10-8658] /* is inside a comment [E:/IC/Aritmethic/Booth/Teste/Knowles.v:8]
INFO: [VRFC 10-311] analyzing module Knowles
INFO: [VRFC 10-2263] Analyzing Verilog file "E:/IC/Mark VI/src/LoadDecoder.v" into library xil_defaultlib
INFO: [VRFC 10-311] analyzing module LoadDecoder
INFO: [VRFC 10-2263] Analyzing Verilog file "E:/IC/Mark VI/src/MAU.v" into library xil_defaultlib
INFO: [VRFC 10-311] analyzing module MAU
INFO: [VRFC 10-2263] Analyzing Verilog file "E:/IC/Mark VI/src/Mux.v" into library xil_defaultlib
INFO: [VRFC 10-311] analyzing module Mux
INFO: [VRFC 10-2263] Analyzing Verilog file "E:/IC/Mark VI/src/Mux4x1.v" into library xil_defaultlib
INFO: [VRFC 10-311] analyzing module Mux4x1
INFO: [VRFC 10-2263] Analyzing Verilog file "E:/IC/Mark VI/src/Register.v" into library xil_defaultlib
INFO: [VRFC 10-311] analyzing module Register
INFO: [VRFC 10-2263] Analyzing Verilog file "E:/IC/Mark VI/src/RegisterFile.v" into library xil_defaultlib
INFO: [VRFC 10-311] analyzing module RegisterFile
INFO: [VRFC 10-2263] Analyzing Verilog file "E:/IC/Mark VI/src/StoreDecoder.v" into library xil_defaultlib
INFO: [VRFC 10-311] analyzing module StoreDecoder
INFO: [VRFC 10-2263] Analyzing Verilog file "E:/IC/Mark VI/src/WBU.v" into library xil_defaultlib
INFO: [VRFC 10-311] analyzing module WBU
INFO: [VRFC 10-2263] Analyzing Verilog file "E:/IC/Mark VI/tests/testbench.v" into library xil_defaultlib
INFO: [VRFC 10-311] analyzing module testbench
INFO: [USF-XSim-69] 'compile' step finished in '2' seconds
INFO: [USF-XSim-3] XSim::Elaborate design
INFO: [USF-XSim-61] Executing 'ELABORATE' step in 'E:/IC/Mark VI/Vivado/CPU/CPU.sim/sim_1/behav/xsim'
"xelab --incr --debug typical --relax --mt 2 -L xil_defaultlib -L blk_mem_gen_v8_4_9 -L dist_mem_gen_v8_0_15 -L unisims_ver -L unimacro_ver -L secureip -L xpm --snapshot testbench_behav xil_defaultlib.testbench xil_defaultlib.glbl -log elaborate.log"
Vivado Simulator v2024.2.0
Copyright 1986-2022 Xilinx, Inc. All Rights Reserved.
Copyright 2022-2024 Advanced Micro Devices, Inc. All Rights Reserved.
Running: E:/Vivado/Vivado/2024.2/bin/unwrapped/win64.o/xelab.exe --incr --debug typical --relax --mt 2 -L xil_defaultlib -L blk_mem_gen_v8_4_9 -L dist_mem_gen_v8_0_15 -L unisims_ver -L unimacro_ver -L secureip -L xpm --snapshot testbench_behav xil_defaultlib.testbench xil_defaultlib.glbl -log elaborate.log 
Using 2 slave threads.
Starting static elaboration
Pass Through NonSizing Optimizer
WARNING: [VRFC 10-3091] actual bit length 30 differs from formal bit length 8 for port 'a' [E:/IC/Mark VI/src/IFU.v:37]
WARNING: [VRFC 10-3091] actual bit length 30 differs from formal bit length 8 for port 'addra' [E:/IC/Mark VI/src/MAU.v:18]
Completed static elaboration
Starting simulation data flow analysis
Completed simulation data flow analysis
Time Resolution for simulation is 1ps
Compiling module xil_defaultlib.HazardControl
Compiling module xil_defaultlib.Mux
Compiling module xil_defaultlib.Register
Compiling module xil_defaultlib.Adder
Compiling module dist_mem_gen_v8_0_15.dist_mem_gen_v8_0_15(C_FAMILY="a...
Compiling module xil_defaultlib.ROM
Compiling module xil_defaultlib.IFU
Compiling module xil_defaultlib.Control
Compiling module xil_defaultlib.RegisterFile
Compiling module xil_defaultlib.Extend
Compiling module xil_defaultlib.IDU
Compiling module xil_defaultlib.Mux4x1
Compiling module xil_defaultlib.StoreDecoder
Compiling module xil_defaultlib.BranchUnit
Compiling module xil_defaultlib.ALU
Compiling module xil_defaultlib.Divisor
Compiling module xil_defaultlib.CSA
Compiling module xil_defaultlib.Knowles
Compiling module xil_defaultlib.Booth_default
Compiling module xil_defaultlib.EXU
Compiling module blk_mem_gen_v8_4_9.blk_mem_gen_v8_4_9_output_stage(...
Compiling module blk_mem_gen_v8_4_9.blk_mem_gen_v8_4_9_softecc_outpu...
Compiling module blk_mem_gen_v8_4_9.blk_mem_gen_v8_4_9_mem_module(C_...
Compiling module blk_mem_gen_v8_4_9.blk_mem_gen_v8_4_9(C_FAMILY="art...
Compiling module xil_defaultlib.RAM
Compiling module xil_defaultlib.MAU
Compiling module xil_defaultlib.LoadDecoder
Compiling module xil_defaultlib.WBU
Compiling module xil_defaultlib.CPU
Compiling module xil_defaultlib.testbench
Compiling module xil_defaultlib.glbl
Built simulation snapshot testbench_behav
run_program: Time (s): cpu = 00:00:01 ; elapsed = 00:00:11 . Memory (MB): peak = 2547.504 ; gain = 0.000
INFO: [USF-XSim-69] 'elaborate' step finished in '11' seconds
INFO: [USF-XSim-4] XSim::Simulate design
INFO: [USF-XSim-61] Executing 'SIMULATE' step in 'E:/IC/Mark VI/Vivado/CPU/CPU.sim/sim_1/behav/xsim'
INFO: [USF-XSim-98] *** Running xsim
   with args "testbench_behav -key {Behavioral:sim_1:Functional:testbench} -tclbatch {testbench.tcl} -log {simulate.log}"
INFO: [USF-XSim-8] Loading simulator feature
Time resolution is 1 ps
source testbench.tcl
# set curr_wave [current_wave_config]
# if { [string length $curr_wave] == 0 } {
#   if { [llength [get_objects]] > 0} {
#     add_wave /
#     set_property needs_save false [current_wave_config]
#   } else {
#      send_msg_id Add_Wave-1 WARNING "No top level signals found. Simulator will start without a wave window. If you want to open a wave window go to 'File->New Waveform Configuration' or type 'create_wave_config' in the TCL console."
#   }
# }
# run 1000ns
WARNING: This core is supplied with a behavioral model. To model cycle-accurate behavior you must run timing simulation.
Block Memory Generator module testbench.DUT.MemoryAccessUnit.DataMemory.inst.native_mem_module.blk_mem_gen_v8_4_9_inst is using a behavioral model for simulation which will not precisely model memory collision behavior.
WARNING in testbench.DUT.InstructionFetchUnit.InstructionMemory.inst at time               835000 ns: 
Reading from out-of-range address. Max address in testbench.DUT.InstructionFetchUnit.InstructionMemory.inst is         255
INFO: [USF-XSim-96] XSim completed. Design snapshot 'testbench_behav' loaded.
INFO: [USF-XSim-97] XSim simulation ran for 1000ns
launch_simulation: Time (s): cpu = 00:00:07 ; elapsed = 00:00:18 . Memory (MB): peak = 2565.137 ; gain = 17.633
restart
INFO: [Wavedata 42-604] Simulation restarted
run all
WARNING: This core is supplied with a behavioral model. To model cycle-accurate behavior you must run timing simulation.
Block Memory Generator module testbench.DUT.MemoryAccessUnit.DataMemory.inst.native_mem_module.blk_mem_gen_v8_4_9_inst is using a behavioral model for simulation which will not precisely model memory collision behavior.
WARNING in testbench.DUT.InstructionFetchUnit.InstructionMemory.inst at time               835000 ns: 
Reading from out-of-range address. Max address in testbench.DUT.InstructionFetchUnit.InstructionMemory.inst is         255
$finish called at time : 5010 ns : File "E:/IC/Mark VI/tests/testbench.v" Line 28
close_sim
INFO: [Simtcl 6-16] Simulation closed
WARNING: [filemgmt 56-199] Attempt to get parsing info during refresh. "On-the-fly" syntax checking information may be incorrect. [E:\IC\Mark VI\tests\testbench.v:]
WARNING: [filemgmt 56-199] Attempt to get parsing info during refresh. "On-the-fly" syntax checking information may be incorrect. [E:\IC\Aritmethic\Booth\Teste\Knowles.v:]
WARNING: [filemgmt 56-199] Attempt to get parsing info during refresh. "On-the-fly" syntax checking information may be incorrect. [E:\IC\Aritmethic\Booth\Teste\Knowles.v:]
WARNING: [filemgmt 56-199] Attempt to get parsing info during refresh. "On-the-fly" syntax checking information may be incorrect. [E:\IC\Aritmethic\Booth\Teste\Knowles.v:]
ERROR: [Common 17-180] Spawn failed: No error
update_compile_order -fileset sources_1
WARNING: [filemgmt 56-199] Attempt to get parsing info during refresh. "On-the-fly" syntax checking information may be incorrect. [E:\IC\Mark VI\tests\testbench.v:]
WARNING: [filemgmt 56-199] Attempt to get parsing info during refresh. "On-the-fly" syntax checking information may be incorrect. [E:\IC\Aritmethic\Booth\Teste\Knowles.v:]
WARNING: [filemgmt 56-199] Attempt to get parsing info during refresh. "On-the-fly" syntax checking information may be incorrect. [E:\IC\Aritmethic\Booth\Teste\Knowles.v:]
WARNING: [filemgmt 56-199] Attempt to get parsing info during refresh. "On-the-fly" syntax checking information may be incorrect. [E:\IC\Aritmethic\Booth\Teste\Knowles.v:]
ERROR: [Common 17-180] Spawn failed: No error
WARNING: [filemgmt 56-199] Attempt to get parsing info during refresh. "On-the-fly" syntax checking information may be incorrect. [E:\IC\Mark VI\tests\testbench.v:]
WARNING: [filemgmt 56-199] Attempt to get parsing info during refresh. "On-the-fly" syntax checking information may be incorrect. [E:\IC\Aritmethic\Booth\Teste\Knowles.v:]
WARNING: [filemgmt 56-199] Attempt to get parsing info during refresh. "On-the-fly" syntax checking information may be incorrect. [E:\IC\Aritmethic\Booth\Teste\Knowles.v:]
WARNING: [filemgmt 56-199] Attempt to get parsing info during refresh. "On-the-fly" syntax checking information may be incorrect. [E:\IC\Aritmethic\Booth\Teste\Knowles.v:]
ERROR: [Common 17-180] Spawn failed: No error
WARNING: [filemgmt 56-199] Attempt to get parsing info during refresh. "On-the-fly" syntax checking information may be incorrect. [E:\IC\Mark VI\tests\testbench.v:]
WARNING: [filemgmt 56-199] Attempt to get parsing info during refresh. "On-the-fly" syntax checking information may be incorrect. [E:\IC\Aritmethic\Booth\Teste\Knowles.v:]
WARNING: [filemgmt 56-199] Attempt to get parsing info during refresh. "On-the-fly" syntax checking information may be incorrect. [E:\IC\Aritmethic\Booth\Teste\Knowles.v:]
WARNING: [filemgmt 56-199] Attempt to get parsing info during refresh. "On-the-fly" syntax checking information may be incorrect. [E:\IC\Aritmethic\Booth\Teste\Knowles.v:]
ERROR: [Common 17-180] Spawn failed: No error
WARNING: [filemgmt 56-199] Attempt to get parsing info during refresh. "On-the-fly" syntax checking information may be incorrect. [E:\IC\Mark VI\tests\testbench.v:]
WARNING: [filemgmt 56-199] Attempt to get parsing info during refresh. "On-the-fly" syntax checking information may be incorrect. [E:\IC\Aritmethic\Booth\Teste\Knowles.v:]
WARNING: [filemgmt 56-199] Attempt to get parsing info during refresh. "On-the-fly" syntax checking information may be incorrect. [E:\IC\Aritmethic\Booth\Teste\Knowles.v:]
WARNING: [filemgmt 56-199] Attempt to get parsing info during refresh. "On-the-fly" syntax checking information may be incorrect. [E:\IC\Aritmethic\Booth\Teste\Knowles.v:]
ERROR: [Common 17-180] Spawn failed: No error
update_compile_order -fileset sources_1
WARNING: [filemgmt 56-199] Attempt to get parsing info during refresh. "On-the-fly" syntax checking information may be incorrect. [E:\IC\Mark VI\tests\testbench.v:]
WARNING: [filemgmt 56-199] Attempt to get parsing info during refresh. "On-the-fly" syntax checking information may be incorrect. [E:\IC\Aritmethic\Booth\Teste\Knowles.v:]
WARNING: [filemgmt 56-199] Attempt to get parsing info during refresh. "On-the-fly" syntax checking information may be incorrect. [E:\IC\Aritmethic\Booth\Teste\Knowles.v:]
WARNING: [filemgmt 56-199] Attempt to get parsing info during refresh. "On-the-fly" syntax checking information may be incorrect. [E:\IC\Aritmethic\Booth\Teste\Knowles.v:]
ERROR: [Common 17-180] Spawn failed: No error
synth_design -top CPU -part xc7a50tcsg324-3 -lint 
Command: synth_design -top CPU -part xc7a50tcsg324-3 -lint
Starting synth_design
Attempting to get a license for feature 'Synthesis' and/or device 'xc7a50t'
INFO: [Common 17-349] Got license for feature 'Synthesis' and/or device 'xc7a50t'
INFO: [Synth 8-7079] Multithreading enabled for synth_design using a maximum of 2 processes.
---------------------------------------------------------------------------------
Starting Synthesize : Time (s): cpu = 00:00:14 ; elapsed = 00:00:08 . Memory (MB): peak = 2590.141 ; gain = 25.004
---------------------------------------------------------------------------------
Clean up Linter database...
INFO: [Synth 8-6157] synthesizing module 'CPU' [E:/IC/Mark VI/src/CPU.v:1]
INFO: [Synth 8-6157] synthesizing module 'HazardControl' [E:/IC/Mark VI/src/HazardControl.v:1]
INFO: [Synth 8-6155] done synthesizing module 'HazardControl' (1#1) [E:/IC/Mark VI/src/HazardControl.v:1]
INFO: [Synth 8-6157] synthesizing module 'IFU' [E:/IC/Mark VI/src/IFU.v:1]
INFO: [Synth 8-6157] synthesizing module 'Mux' [E:/IC/Mark VI/src/Mux.v:1]
INFO: [Synth 8-6155] done synthesizing module 'Mux' (2#1) [E:/IC/Mark VI/src/Mux.v:1]
INFO: [Synth 8-6157] synthesizing module 'Register' [E:/IC/Mark VI/src/Register.v:1]
INFO: [Synth 8-6155] done synthesizing module 'Register' (3#1) [E:/IC/Mark VI/src/Register.v:1]
INFO: [Synth 8-6157] synthesizing module 'Adder' [E:/IC/Mark VI/src/Adder.v:1]
INFO: [Synth 8-6155] done synthesizing module 'Adder' (4#1) [E:/IC/Mark VI/src/Adder.v:1]
INFO: [Synth 8-6157] synthesizing module 'ROM' [E:/IC/Mark VI/Vivado/CPU/.Xil/Vivado-18496-DESKTOP-IQB8PGC/realtime/ROM_stub.v:6]
INFO: [Synth 8-6155] done synthesizing module 'ROM' (5#1) [E:/IC/Mark VI/Vivado/CPU/.Xil/Vivado-18496-DESKTOP-IQB8PGC/realtime/ROM_stub.v:6]
WARNING: [Synth 8-689] width (30) of port connection 'a' does not match port width (8) of module 'ROM' [E:/IC/Mark VI/src/IFU.v:37]
INFO: [Synth 8-6155] done synthesizing module 'IFU' (6#1) [E:/IC/Mark VI/src/IFU.v:1]
INFO: [Synth 8-6157] synthesizing module 'IDU' [E:/IC/Mark VI/src/IDU.v:1]
INFO: [Synth 8-6157] synthesizing module 'Control' [E:/IC/Mark VI/src/Control.v:1]
INFO: [Synth 8-6155] done synthesizing module 'Control' (7#1) [E:/IC/Mark VI/src/Control.v:1]
INFO: [Synth 8-6157] synthesizing module 'RegisterFile' [E:/IC/Mark VI/src/RegisterFile.v:1]
INFO: [Synth 8-6155] done synthesizing module 'RegisterFile' (8#1) [E:/IC/Mark VI/src/RegisterFile.v:1]
INFO: [Synth 8-6157] synthesizing module 'Extend' [E:/IC/Mark VI/src/Extend.v:1]
INFO: [Synth 8-6155] done synthesizing module 'Extend' (9#1) [E:/IC/Mark VI/src/Extend.v:1]
INFO: [Synth 8-6155] done synthesizing module 'IDU' (10#1) [E:/IC/Mark VI/src/IDU.v:1]
INFO: [Synth 8-6157] synthesizing module 'EXU' [E:/IC/Mark VI/src/EXU.v:1]
INFO: [Synth 8-6157] synthesizing module 'Mux4x1' [E:/IC/Mark VI/src/Mux4x1.v:1]
INFO: [Synth 8-6155] done synthesizing module 'Mux4x1' (11#1) [E:/IC/Mark VI/src/Mux4x1.v:1]
INFO: [Synth 8-6157] synthesizing module 'StoreDecoder' [E:/IC/Mark VI/src/StoreDecoder.v:1]
INFO: [Synth 8-6155] done synthesizing module 'StoreDecoder' (12#1) [E:/IC/Mark VI/src/StoreDecoder.v:1]
INFO: [Synth 8-6157] synthesizing module 'BranchUnit' [E:/IC/Mark VI/src/BranchUnit.v:1]
INFO: [Synth 8-6155] done synthesizing module 'BranchUnit' (13#1) [E:/IC/Mark VI/src/BranchUnit.v:1]
INFO: [Synth 8-6157] synthesizing module 'ALU' [E:/IC/Mark VI/src/ALU.v:1]
INFO: [Synth 8-6155] done synthesizing module 'ALU' (14#1) [E:/IC/Mark VI/src/ALU.v:1]
INFO: [Synth 8-6157] synthesizing module 'Divisor' [E:/IC/Mark VI/src/Divisor.v:1]
INFO: [Synth 8-6155] done synthesizing module 'Divisor' (15#1) [E:/IC/Mark VI/src/Divisor.v:1]
INFO: [Synth 8-6157] synthesizing module 'Booth' [E:/IC/Mark VI/src/Booth/Booth.v:1]
INFO: [Synth 8-226] default block is never used [E:/IC/Mark VI/src/Booth/Booth.v:33]
INFO: [Synth 8-226] default block is never used [E:/IC/Mark VI/src/Booth/Booth.v:33]
INFO: [Synth 8-226] default block is never used [E:/IC/Mark VI/src/Booth/Booth.v:33]
INFO: [Synth 8-226] default block is never used [E:/IC/Mark VI/src/Booth/Booth.v:33]
INFO: [Synth 8-226] default block is never used [E:/IC/Mark VI/src/Booth/Booth.v:33]
INFO: [Synth 8-226] default block is never used [E:/IC/Mark VI/src/Booth/Booth.v:33]
INFO: [Synth 8-226] default block is never used [E:/IC/Mark VI/src/Booth/Booth.v:33]
INFO: [Synth 8-226] default block is never used [E:/IC/Mark VI/src/Booth/Booth.v:33]
INFO: [Synth 8-226] default block is never used [E:/IC/Mark VI/src/Booth/Booth.v:33]
INFO: [Synth 8-226] default block is never used [E:/IC/Mark VI/src/Booth/Booth.v:33]
INFO: [Synth 8-226] default block is never used [E:/IC/Mark VI/src/Booth/Booth.v:33]
INFO: [Synth 8-226] default block is never used [E:/IC/Mark VI/src/Booth/Booth.v:33]
INFO: [Synth 8-226] default block is never used [E:/IC/Mark VI/src/Booth/Booth.v:33]
INFO: [Synth 8-226] default block is never used [E:/IC/Mark VI/src/Booth/Booth.v:33]
INFO: [Synth 8-226] default block is never used [E:/IC/Mark VI/src/Booth/Booth.v:33]
INFO: [Synth 8-226] default block is never used [E:/IC/Mark VI/src/Booth/Booth.v:33]
INFO: [Synth 8-6157] synthesizing module 'CSA' [E:/IC/Mark VI/src/Booth/CSA.v:1]
INFO: [Synth 8-6155] done synthesizing module 'CSA' (16#1) [E:/IC/Mark VI/src/Booth/CSA.v:1]
INFO: [Synth 8-6157] synthesizing module 'Knowles' [E:/IC/Aritmethic/Booth/Teste/Knowles.v:2]
INFO: [Synth 8-6155] done synthesizing module 'Knowles' (17#1) [E:/IC/Aritmethic/Booth/Teste/Knowles.v:2]
WARNING: [Synth 8-7071] port 'Cout' of module 'Knowles' is unconnected for instance 'CPA' [E:/IC/Mark VI/src/Booth/Booth.v:109]
WARNING: [Synth 8-7023] instance 'CPA' of module 'Knowles' has 5 connections declared, but only 4 given [E:/IC/Mark VI/src/Booth/Booth.v:109]
INFO: [Synth 8-6155] done synthesizing module 'Booth' (18#1) [E:/IC/Mark VI/src/Booth/Booth.v:1]
INFO: [Synth 8-6155] done synthesizing module 'EXU' (19#1) [E:/IC/Mark VI/src/EXU.v:1]
INFO: [Synth 8-6157] synthesizing module 'MAU' [E:/IC/Mark VI/src/MAU.v:1]
INFO: [Synth 8-6157] synthesizing module 'RAM' [E:/IC/Mark VI/Vivado/CPU/.Xil/Vivado-18496-DESKTOP-IQB8PGC/realtime/RAM_stub.v:6]
INFO: [Synth 8-6155] done synthesizing module 'RAM' (20#1) [E:/IC/Mark VI/Vivado/CPU/.Xil/Vivado-18496-DESKTOP-IQB8PGC/realtime/RAM_stub.v:6]
WARNING: [Synth 8-689] width (30) of port connection 'addra' does not match port width (8) of module 'RAM' [E:/IC/Mark VI/src/MAU.v:18]
INFO: [Synth 8-6155] done synthesizing module 'MAU' (21#1) [E:/IC/Mark VI/src/MAU.v:1]
INFO: [Synth 8-6157] synthesizing module 'WBU' [E:/IC/Mark VI/src/WBU.v:1]
INFO: [Synth 8-6157] synthesizing module 'LoadDecoder' [E:/IC/Mark VI/src/LoadDecoder.v:1]
INFO: [Synth 8-6155] done synthesizing module 'LoadDecoder' (22#1) [E:/IC/Mark VI/src/LoadDecoder.v:1]
INFO: [Synth 8-6155] done synthesizing module 'WBU' (23#1) [E:/IC/Mark VI/src/WBU.v:1]
INFO: [Synth 8-6155] done synthesizing module 'CPU' (24#1) [E:/IC/Mark VI/src/CPU.v:1]
---------------------------------------------------------------------------------
Finished Synthesize : Time (s): cpu = 00:00:17 ; elapsed = 00:00:11 . Memory (MB): peak = 2704.469 ; gain = 139.332
---------------------------------------------------------------------------------
Copyright 1986-2022 Xilinx, Inc. All Rights Reserved. Copyright 2022-2024 Advanced Micro Devices, Inc. All Rights Reserved.
---------------------------------------------------------------------------------------------------------------------------------------------
| Tool Version : Vivado v.2024.2 (win64) Build 5239630 Fri Nov 08 22:35:27 MST 2024
| Date         : Tue May 20 22:00:23 2025
| Host         : DESKTOP-IQB8PGC running 64-bit major release  (build 9200)
---------------------------------------------------------------------------------------------------------------------------------------------

RTL Linter Report

Table of Contents
-----------------
1. Summary

1. Summary
----------

+----------+------------------+--------------+----------+
| Rule ID  | Severity         | # Violations | # Waived |
+----------+------------------+--------------+----------+
| ASSIGN-5 | WARNING          | 1            | 0        |
| ASSIGN-6 | WARNING          | 16           | 0        |
| RESET-3  | CRITICAL WARNING | 1            | 0        |
+----------+------------------+--------------+----------+


WARNING: [Synth 37-124] [ASSIGN-5]Some bits in 'ii' are not set. First unset bit index is 0. 
RTL Name 'ii', Hierarchy 'Booth', File 'Booth.v', Line 16.
WARNING: [Synth 37-123] [ASSIGN-6]Some bits in 'C0' are not read. First unread bit index is 63. 
RTL Name 'C0', Hierarchy 'Booth', File 'Booth.v', Line 54.
WARNING: [Synth 37-123] [ASSIGN-6]Some bits in 'C1' are not read. First unread bit index is 63. 
RTL Name 'C1', Hierarchy 'Booth', File 'Booth.v', Line 54.
WARNING: [Synth 37-123] [ASSIGN-6]Some bits in 'C10' are not read. First unread bit index is 63. 
RTL Name 'C10', Hierarchy 'Booth', File 'Booth.v', Line 76.
WARNING: [Synth 37-123] [ASSIGN-6]Some bits in 'C11' are not read. First unread bit index is 63. 
RTL Name 'C11', Hierarchy 'Booth', File 'Booth.v', Line 76.
WARNING: [Synth 37-123] [ASSIGN-6]Some bits in 'C12' are not read. First unread bit index is 63. 
RTL Name 'C12', Hierarchy 'Booth', File 'Booth.v', Line 82.
WARNING: [Synth 37-123] [ASSIGN-6]Some bits in 'C13_reg' are not read. First unread bit index is 63. 
RTL Name 'C13_reg', Hierarchy 'Booth', File 'Booth.v', Line 90.
WARNING: [Synth 37-123] [ASSIGN-6]Some bits in 'C2' are not read. First unread bit index is 63. 
RTL Name 'C2', Hierarchy 'Booth', File 'Booth.v', Line 54.
WARNING: [Synth 37-123] [ASSIGN-6]Some bits in 'C3' are not read. First unread bit index is 63. 
RTL Name 'C3', Hierarchy 'Booth', File 'Booth.v', Line 54.
WARNING: [Synth 37-123] [ASSIGN-6]Some bits in 'C4' are not read. First unread bit index is 63. 
RTL Name 'C4', Hierarchy 'Booth', File 'Booth.v', Line 54.
WARNING: [Synth 37-123] [ASSIGN-6]Some bits in 'C5' are not read. First unread bit index is 63. 
RTL Name 'C5', Hierarchy 'Booth', File 'Booth.v', Line 63.
WARNING: [Synth 37-123] [ASSIGN-6]Some bits in 'C6' are not read. First unread bit index is 63. 
RTL Name 'C6', Hierarchy 'Booth', File 'Booth.v', Line 63.
WARNING: [Synth 37-123] [ASSIGN-6]Some bits in 'C7' are not read. First unread bit index is 63. 
RTL Name 'C7', Hierarchy 'Booth', File 'Booth.v', Line 63.
WARNING: [Synth 37-123] [ASSIGN-6]Some bits in 'C8' are not read. First unread bit index is 63. 
RTL Name 'C8', Hierarchy 'Booth', File 'Booth.v', Line 70.
WARNING: [Synth 37-123] [ASSIGN-6]Some bits in 'C9' are not read. First unread bit index is 63. 
RTL Name 'C9', Hierarchy 'Booth', File 'Booth.v', Line 70.
CRITICAL WARNING: [Synth 37-111] [RESET-3]Synchronous reset not found on register Q_reg and its enable logic contains synchronous reset in same always/process block.
RTL Name 'Q_reg', Hierarchy 'Divisor', File 'E:/IC/Mark VI/src/Divisor.v', Line 21.
WARNING: [Synth 37-123] [ASSIGN-6]Some bits in 'G_stage[6]' are not read. First unread bit index is 63. 
RTL Name 'G_stage[6]', Hierarchy 'Knowles', File 'Knowles.v', Line 10.
WARNING: [Synth 37-123] [ASSIGN-6]Some bits in 'P_stage[5]' are not read. First unread bit index is 0. 
RTL Name 'P_stage[5]', Hierarchy 'Knowles', File 'Knowles.v', Line 11.
INFO: [Synth 37-85] Total of 18 linter message(s) generated.
INFO: [Synth 37-45] Linter Run Finished!
Synthesis Optimization Runtime : Time (s): cpu = 00:00:17 ; elapsed = 00:00:11 . Memory (MB): peak = 2713.066 ; gain = 147.930
INFO: [Common 17-83] Releasing license: Synthesis
69 Infos, 21 Warnings, 1 Critical Warnings and 0 Errors encountered.
synth_design completed successfully
synth_design: Time (s): cpu = 00:00:17 ; elapsed = 00:00:12 . Memory (MB): peak = 2713.066 ; gain = 147.930
refresh_design
INFO: [Synth 8-7079] Multithreading enabled for synth_design using a maximum of 2 processes.
---------------------------------------------------------------------------------
Starting RTL Elaboration : Time (s): cpu = 00:00:12 ; elapsed = 00:00:09 . Memory (MB): peak = 2713.066 ; gain = 0.000
---------------------------------------------------------------------------------
INFO: [Synth 8-6157] synthesizing module 'CPU' [E:/IC/Mark VI/src/CPU.v:1]
INFO: [Synth 8-6157] synthesizing module 'HazardControl' [E:/IC/Mark VI/src/HazardControl.v:1]
INFO: [Synth 8-6155] done synthesizing module 'HazardControl' (0#1) [E:/IC/Mark VI/src/HazardControl.v:1]
INFO: [Synth 8-6157] synthesizing module 'IFU' [E:/IC/Mark VI/src/IFU.v:1]
INFO: [Synth 8-6157] synthesizing module 'Mux' [E:/IC/Mark VI/src/Mux.v:1]
INFO: [Synth 8-6155] done synthesizing module 'Mux' (0#1) [E:/IC/Mark VI/src/Mux.v:1]
INFO: [Synth 8-6157] synthesizing module 'Register' [E:/IC/Mark VI/src/Register.v:1]
INFO: [Synth 8-6155] done synthesizing module 'Register' (0#1) [E:/IC/Mark VI/src/Register.v:1]
INFO: [Synth 8-6157] synthesizing module 'Adder' [E:/IC/Mark VI/src/Adder.v:1]
INFO: [Synth 8-6155] done synthesizing module 'Adder' (0#1) [E:/IC/Mark VI/src/Adder.v:1]
INFO: [Synth 8-6157] synthesizing module 'ROM' [E:/IC/Mark VI/Vivado/CPU/.Xil/Vivado-18496-DESKTOP-IQB8PGC/realtime/ROM_stub.v:6]
INFO: [Synth 8-6155] done synthesizing module 'ROM' (0#1) [E:/IC/Mark VI/Vivado/CPU/.Xil/Vivado-18496-DESKTOP-IQB8PGC/realtime/ROM_stub.v:6]
WARNING: [Synth 8-689] width (30) of port connection 'a' does not match port width (8) of module 'ROM' [E:/IC/Mark VI/src/IFU.v:37]
INFO: [Synth 8-6155] done synthesizing module 'IFU' (0#1) [E:/IC/Mark VI/src/IFU.v:1]
INFO: [Synth 8-6157] synthesizing module 'IDU' [E:/IC/Mark VI/src/IDU.v:1]
INFO: [Synth 8-6157] synthesizing module 'Control' [E:/IC/Mark VI/src/Control.v:1]
INFO: [Synth 8-6155] done synthesizing module 'Control' (0#1) [E:/IC/Mark VI/src/Control.v:1]
INFO: [Synth 8-6157] synthesizing module 'RegisterFile' [E:/IC/Mark VI/src/RegisterFile.v:1]
INFO: [Synth 8-6155] done synthesizing module 'RegisterFile' (0#1) [E:/IC/Mark VI/src/RegisterFile.v:1]
INFO: [Synth 8-6157] synthesizing module 'Extend' [E:/IC/Mark VI/src/Extend.v:1]
INFO: [Synth 8-6155] done synthesizing module 'Extend' (0#1) [E:/IC/Mark VI/src/Extend.v:1]
INFO: [Synth 8-6155] done synthesizing module 'IDU' (0#1) [E:/IC/Mark VI/src/IDU.v:1]
INFO: [Synth 8-6157] synthesizing module 'EXU' [E:/IC/Mark VI/src/EXU.v:1]
INFO: [Synth 8-6157] synthesizing module 'Mux4x1' [E:/IC/Mark VI/src/Mux4x1.v:1]
INFO: [Synth 8-6155] done synthesizing module 'Mux4x1' (0#1) [E:/IC/Mark VI/src/Mux4x1.v:1]
INFO: [Synth 8-6157] synthesizing module 'StoreDecoder' [E:/IC/Mark VI/src/StoreDecoder.v:1]
INFO: [Synth 8-6155] done synthesizing module 'StoreDecoder' (0#1) [E:/IC/Mark VI/src/StoreDecoder.v:1]
INFO: [Synth 8-6157] synthesizing module 'BranchUnit' [E:/IC/Mark VI/src/BranchUnit.v:1]
INFO: [Synth 8-6155] done synthesizing module 'BranchUnit' (0#1) [E:/IC/Mark VI/src/BranchUnit.v:1]
INFO: [Synth 8-6157] synthesizing module 'ALU' [E:/IC/Mark VI/src/ALU.v:1]
INFO: [Synth 8-6155] done synthesizing module 'ALU' (0#1) [E:/IC/Mark VI/src/ALU.v:1]
INFO: [Synth 8-6157] synthesizing module 'Divisor' [E:/IC/Mark VI/src/Divisor.v:1]
INFO: [Synth 8-6155] done synthesizing module 'Divisor' (0#1) [E:/IC/Mark VI/src/Divisor.v:1]
INFO: [Synth 8-6157] synthesizing module 'Booth' [E:/IC/Mark VI/src/Booth/Booth.v:1]
INFO: [Synth 8-226] default block is never used [E:/IC/Mark VI/src/Booth/Booth.v:33]
INFO: [Synth 8-226] default block is never used [E:/IC/Mark VI/src/Booth/Booth.v:33]
INFO: [Synth 8-226] default block is never used [E:/IC/Mark VI/src/Booth/Booth.v:33]
INFO: [Synth 8-226] default block is never used [E:/IC/Mark VI/src/Booth/Booth.v:33]
INFO: [Synth 8-226] default block is never used [E:/IC/Mark VI/src/Booth/Booth.v:33]
INFO: [Synth 8-226] default block is never used [E:/IC/Mark VI/src/Booth/Booth.v:33]
INFO: [Synth 8-226] default block is never used [E:/IC/Mark VI/src/Booth/Booth.v:33]
INFO: [Synth 8-226] default block is never used [E:/IC/Mark VI/src/Booth/Booth.v:33]
INFO: [Synth 8-226] default block is never used [E:/IC/Mark VI/src/Booth/Booth.v:33]
INFO: [Synth 8-226] default block is never used [E:/IC/Mark VI/src/Booth/Booth.v:33]
INFO: [Synth 8-226] default block is never used [E:/IC/Mark VI/src/Booth/Booth.v:33]
INFO: [Synth 8-226] default block is never used [E:/IC/Mark VI/src/Booth/Booth.v:33]
INFO: [Synth 8-226] default block is never used [E:/IC/Mark VI/src/Booth/Booth.v:33]
INFO: [Synth 8-226] default block is never used [E:/IC/Mark VI/src/Booth/Booth.v:33]
INFO: [Synth 8-226] default block is never used [E:/IC/Mark VI/src/Booth/Booth.v:33]
INFO: [Synth 8-226] default block is never used [E:/IC/Mark VI/src/Booth/Booth.v:33]
INFO: [Synth 8-6157] synthesizing module 'CSA' [E:/IC/Mark VI/src/Booth/CSA.v:1]
INFO: [Synth 8-6155] done synthesizing module 'CSA' (0#1) [E:/IC/Mark VI/src/Booth/CSA.v:1]
INFO: [Synth 8-6157] synthesizing module 'Knowles' [E:/IC/Aritmethic/Booth/Teste/Knowles.v:2]
INFO: [Synth 8-6155] done synthesizing module 'Knowles' (0#1) [E:/IC/Aritmethic/Booth/Teste/Knowles.v:2]
WARNING: [Synth 8-7071] port 'Cout' of module 'Knowles' is unconnected for instance 'CPA' [E:/IC/Mark VI/src/Booth/Booth.v:109]
WARNING: [Synth 8-7023] instance 'CPA' of module 'Knowles' has 5 connections declared, but only 4 given [E:/IC/Mark VI/src/Booth/Booth.v:109]
INFO: [Synth 8-6155] done synthesizing module 'Booth' (0#1) [E:/IC/Mark VI/src/Booth/Booth.v:1]
INFO: [Synth 8-6155] done synthesizing module 'EXU' (0#1) [E:/IC/Mark VI/src/EXU.v:1]
INFO: [Synth 8-6157] synthesizing module 'MAU' [E:/IC/Mark VI/src/MAU.v:1]
INFO: [Synth 8-6157] synthesizing module 'RAM' [E:/IC/Mark VI/Vivado/CPU/.Xil/Vivado-18496-DESKTOP-IQB8PGC/realtime/RAM_stub.v:6]
INFO: [Synth 8-6155] done synthesizing module 'RAM' (0#1) [E:/IC/Mark VI/Vivado/CPU/.Xil/Vivado-18496-DESKTOP-IQB8PGC/realtime/RAM_stub.v:6]
WARNING: [Synth 8-689] width (30) of port connection 'addra' does not match port width (8) of module 'RAM' [E:/IC/Mark VI/src/MAU.v:18]
INFO: [Synth 8-6155] done synthesizing module 'MAU' (0#1) [E:/IC/Mark VI/src/MAU.v:1]
INFO: [Synth 8-6157] synthesizing module 'WBU' [E:/IC/Mark VI/src/WBU.v:1]
INFO: [Synth 8-6157] synthesizing module 'LoadDecoder' [E:/IC/Mark VI/src/LoadDecoder.v:1]
INFO: [Synth 8-6155] done synthesizing module 'LoadDecoder' (0#1) [E:/IC/Mark VI/src/LoadDecoder.v:1]
INFO: [Synth 8-6155] done synthesizing module 'WBU' (0#1) [E:/IC/Mark VI/src/WBU.v:1]
INFO: [Synth 8-6155] done synthesizing module 'CPU' (0#1) [E:/IC/Mark VI/src/CPU.v:1]
---------------------------------------------------------------------------------
Finished RTL Elaboration : Time (s): cpu = 00:00:15 ; elapsed = 00:00:12 . Memory (MB): peak = 2716.285 ; gain = 3.219
---------------------------------------------------------------------------------
---------------------------------------------------------------------------------
Start Handling Custom Attributes
---------------------------------------------------------------------------------
---------------------------------------------------------------------------------
Finished Handling Custom Attributes : Time (s): cpu = 00:00:15 ; elapsed = 00:00:12 . Memory (MB): peak = 2738.090 ; gain = 25.023
---------------------------------------------------------------------------------
---------------------------------------------------------------------------------
Finished RTL Optimization Phase 1 : Time (s): cpu = 00:00:15 ; elapsed = 00:00:12 . Memory (MB): peak = 2738.090 ; gain = 25.023
---------------------------------------------------------------------------------
INFO: [Project 1-454] Reading design checkpoint 'e:/IC/Mark VI/Vivado/CPU/CPU.gen/sources_1/ip/ROM/ROM.dcp' for cell 'InstructionFetchUnit/InstructionMemory'
INFO: [Project 1-454] Reading design checkpoint 'e:/IC/Mark VI/Vivado/CPU/CPU.gen/sources_1/ip/RAM/RAM.dcp' for cell 'MemoryAccessUnit/DataMemory'
Netlist sorting complete. Time (s): cpu = 00:00:00 ; elapsed = 00:00:00.210 . Memory (MB): peak = 2758.031 ; gain = 0.000
INFO: [Netlist 29-17] Analyzing 1 Unisim elements for replacement
INFO: [Netlist 29-28] Unisim Transformation completed in 0 CPU seconds
INFO: [Project 1-479] Netlist was created with Vivado 2024.2
INFO: [Project 1-570] Preparing netlist for logic optimization

Processing XDC Constraints
Initializing timing engine
Parsing XDC File [E:/IC/Mark VI/constraints/RISCV.xdc]
Finished Parsing XDC File [E:/IC/Mark VI/constraints/RISCV.xdc]
Completed Processing XDC Constraints

refresh_design: Time (s): cpu = 00:00:29 ; elapsed = 00:00:19 . Memory (MB): peak = 2770.758 ; gain = 57.691
generate_target Simulation [get_files {E:/IC/Mark VI/Vivado/CPU/CPU.srcs/sources_1/ip/ROM/ROM.xci}]
WARNING: [Vivado 12-818] No files matched 'E:/IC/Mark'
WARNING: [Vivado 12-818] No files matched 'VI/Vivado/CPU/CPU.srcs/sources_1/ip/ROM/ROM.xci'
export_ip_user_files -of_objects [get_files {E:/IC/Mark VI/Vivado/CPU/CPU.srcs/sources_1/ip/ROM/ROM.xci}] -no_script -sync -force -quiet
WARNING: [Vivado 12-818] No files matched 'E:/IC/Mark'
WARNING: [Vivado 12-818] No files matched 'VI/Vivado/CPU/CPU.srcs/sources_1/ip/ROM/ROM.xci'
export_simulation -of_objects [get_files {{E:/IC/Mark VI/Vivado/CPU/CPU.srcs/sources_1/ip/ROM/ROM.xci}}] -directory {E:/IC/Mark VI/Vivado/CPU/CPU.ip_user_files/sim_scripts} -ip_user_files_dir {E:/IC/Mark VI/Vivado/CPU/CPU.ip_user_files} -ipstatic_source_dir {E:/IC/Mark VI/Vivado/CPU/CPU.ip_user_files/ipstatic} -lib_map_path [list {modelsim=E:/IC/Mark VI/Vivado/CPU/CPU.cache/compile_simlib/modelsim} {questa=E:/IC/Mark VI/Vivado/CPU/CPU.cache/compile_simlib/questa} {riviera=E:/IC/Mark VI/Vivado/CPU/CPU.cache/compile_simlib/riviera} {activehdl=E:/IC/Mark VI/Vivado/CPU/CPU.cache/compile_simlib/activehdl}] -use_ip_compiled_libs -force -quiet
launch_simulation
Command: launch_simulation 
INFO: [Vivado 12-12493] Simulation top is 'testbench'
WARNING: [Vivado 12-13340] Unable to auto find GCC executables from simulator install path! (path not set)
INFO: [Vivado 12-5698] Checking validity of IPs in the design for the 'XSim' simulator...
INFO: [Vivado 12-5682] Launching behavioral simulation in 'E:/IC/Mark VI/Vivado/CPU/CPU.sim/sim_1/behav/xsim'
INFO: [Vivado 12-4795] Using compiled simulation libraries for IPs
INFO: [SIM-utils-51] Simulation object is 'sim_1'
INFO: [SIM-utils-72] Using boost library from 'E:/Vivado/Vivado/2024.2/tps/boost_1_72_0'
INFO: [USF-XSim-7] Finding pre-compiled libraries...
INFO: [USF-XSim-11] File 'E:/Vivado/Vivado/2024.2/data/xsim/xsim.ini' copied to run dir:'E:/IC/Mark VI/Vivado/CPU/CPU.sim/sim_1/behav/xsim'
INFO: [SIM-utils-54] Inspecting design source files for 'testbench' in fileset 'sim_1'...
INFO: [SIM-utils-43] Exported 'E:/IC/Mark VI/Vivado/CPU/CPU.sim/sim_1/behav/xsim/ROM.mif'
INFO: [SIM-utils-43] Exported 'E:/IC/Mark VI/Vivado/CPU/CPU.sim/sim_1/behav/xsim/muldiv.coe'
INFO: [SIM-utils-43] Exported 'E:/IC/Mark VI/Vivado/CPU/CPU.sim/sim_1/behav/xsim/riscvtest.coe'
INFO: [SIM-utils-43] Exported 'E:/IC/Mark VI/Vivado/CPU/CPU.sim/sim_1/behav/xsim/ROM.coe'
INFO: [SIM-utils-43] Exported 'E:/IC/Mark VI/Vivado/CPU/CPU.sim/sim_1/behav/xsim/donkey.coe'
INFO: [SIM-utils-43] Exported 'E:/IC/Mark VI/Vivado/CPU/CPU.sim/sim_1/behav/xsim/donkey2.coe'
INFO: [USF-XSim-97] Finding global include files...
INFO: [USF-XSim-98] Fetching design files from 'sim_1'...
INFO: [USF-XSim-2] XSim::Compile design
INFO: [USF-XSim-61] Executing 'COMPILE and ANALYZE' step in 'E:/IC/Mark VI/Vivado/CPU/CPU.sim/sim_1/behav/xsim'
"xvlog --incr --relax -prj testbench_vlog.prj"
INFO: [VRFC 10-2263] Analyzing Verilog file "E:/IC/Mark VI/Vivado/CPU/CPU.gen/sources_1/ip/RAM/sim/RAM.v" into library xil_defaultlib
INFO: [VRFC 10-311] analyzing module RAM
INFO: [VRFC 10-2263] Analyzing Verilog file "E:/IC/Mark VI/Vivado/CPU/CPU.gen/sources_1/ip/ROM/sim/ROM.v" into library xil_defaultlib
INFO: [VRFC 10-311] analyzing module ROM
INFO: [VRFC 10-2263] Analyzing Verilog file "E:/IC/Mark VI/src/ALU.v" into library xil_defaultlib
INFO: [VRFC 10-311] analyzing module ALU
INFO: [VRFC 10-2263] Analyzing Verilog file "E:/IC/Mark VI/src/Adder.v" into library xil_defaultlib
INFO: [VRFC 10-311] analyzing module Adder
INFO: [VRFC 10-2263] Analyzing Verilog file "E:/IC/Mark VI/src/Booth/Booth.v" into library xil_defaultlib
INFO: [VRFC 10-311] analyzing module Booth
INFO: [VRFC 10-2263] Analyzing Verilog file "E:/IC/Mark VI/src/BranchUnit.v" into library xil_defaultlib
INFO: [VRFC 10-311] analyzing module BranchUnit
INFO: [VRFC 10-2263] Analyzing Verilog file "E:/IC/Mark VI/src/CPU.v" into library xil_defaultlib
INFO: [VRFC 10-311] analyzing module CPU
INFO: [VRFC 10-2263] Analyzing Verilog file "E:/IC/Mark VI/src/Booth/CSA.v" into library xil_defaultlib
INFO: [VRFC 10-311] analyzing module CSA
INFO: [VRFC 10-2263] Analyzing Verilog file "E:/IC/Mark VI/src/Control.v" into library xil_defaultlib
INFO: [VRFC 10-311] analyzing module Control
INFO: [VRFC 10-2263] Analyzing Verilog file "E:/IC/Mark VI/src/Divisor.v" into library xil_defaultlib
INFO: [VRFC 10-311] analyzing module Divisor
INFO: [VRFC 10-2263] Analyzing Verilog file "E:/IC/Mark VI/src/EXU.v" into library xil_defaultlib
INFO: [VRFC 10-311] analyzing module EXU
INFO: [VRFC 10-2263] Analyzing Verilog file "E:/IC/Mark VI/src/Extend.v" into library xil_defaultlib
INFO: [VRFC 10-311] analyzing module Extend
INFO: [VRFC 10-2263] Analyzing Verilog file "E:/IC/Mark VI/src/HazardControl.v" into library xil_defaultlib
INFO: [VRFC 10-311] analyzing module HazardControl
INFO: [VRFC 10-2263] Analyzing Verilog file "E:/IC/Mark VI/src/IDU.v" into library xil_defaultlib
INFO: [VRFC 10-311] analyzing module IDU
INFO: [VRFC 10-2263] Analyzing Verilog file "E:/IC/Mark VI/src/IFU.v" into library xil_defaultlib
INFO: [VRFC 10-311] analyzing module IFU
INFO: [VRFC 10-2263] Analyzing Verilog file "E:/IC/Aritmethic/Booth/Teste/Knowles.v" into library xil_defaultlib
INFO: [VRFC 10-311] analyzing module Knowles
INFO: [VRFC 10-2263] Analyzing Verilog file "E:/IC/Mark VI/src/LoadDecoder.v" into library xil_defaultlib
INFO: [VRFC 10-311] analyzing module LoadDecoder
INFO: [VRFC 10-2263] Analyzing Verilog file "E:/IC/Mark VI/src/MAU.v" into library xil_defaultlib
INFO: [VRFC 10-311] analyzing module MAU
INFO: [VRFC 10-2263] Analyzing Verilog file "E:/IC/Mark VI/src/Mux.v" into library xil_defaultlib
INFO: [VRFC 10-311] analyzing module Mux
INFO: [VRFC 10-2263] Analyzing Verilog file "E:/IC/Mark VI/src/Mux4x1.v" into library xil_defaultlib
INFO: [VRFC 10-311] analyzing module Mux4x1
INFO: [VRFC 10-2263] Analyzing Verilog file "E:/IC/Mark VI/src/Register.v" into library xil_defaultlib
INFO: [VRFC 10-311] analyzing module Register
INFO: [VRFC 10-2263] Analyzing Verilog file "E:/IC/Mark VI/src/RegisterFile.v" into library xil_defaultlib
INFO: [VRFC 10-311] analyzing module RegisterFile
INFO: [VRFC 10-2263] Analyzing Verilog file "E:/IC/Mark VI/src/StoreDecoder.v" into library xil_defaultlib
INFO: [VRFC 10-311] analyzing module StoreDecoder
INFO: [VRFC 10-2263] Analyzing Verilog file "E:/IC/Mark VI/src/WBU.v" into library xil_defaultlib
INFO: [VRFC 10-311] analyzing module WBU
INFO: [VRFC 10-2263] Analyzing Verilog file "E:/IC/Mark VI/tests/testbench.v" into library xil_defaultlib
INFO: [VRFC 10-311] analyzing module testbench
INFO: [USF-XSim-69] 'compile' step finished in '2' seconds
INFO: [USF-XSim-3] XSim::Elaborate design
INFO: [USF-XSim-61] Executing 'ELABORATE' step in 'E:/IC/Mark VI/Vivado/CPU/CPU.sim/sim_1/behav/xsim'
"xelab --incr --debug typical --relax --mt 2 -L xil_defaultlib -L blk_mem_gen_v8_4_9 -L dist_mem_gen_v8_0_15 -L unisims_ver -L unimacro_ver -L secureip -L xpm --snapshot testbench_behav xil_defaultlib.testbench xil_defaultlib.glbl -log elaborate.log"
Vivado Simulator v2024.2.0
Copyright 1986-2022 Xilinx, Inc. All Rights Reserved.
Copyright 2022-2024 Advanced Micro Devices, Inc. All Rights Reserved.
Running: E:/Vivado/Vivado/2024.2/bin/unwrapped/win64.o/xelab.exe --incr --debug typical --relax --mt 2 -L xil_defaultlib -L blk_mem_gen_v8_4_9 -L dist_mem_gen_v8_0_15 -L unisims_ver -L unimacro_ver -L secureip -L xpm --snapshot testbench_behav xil_defaultlib.testbench xil_defaultlib.glbl -log elaborate.log 
Using 2 slave threads.
Starting static elaboration
Pass Through NonSizing Optimizer
WARNING: [VRFC 10-3091] actual bit length 30 differs from formal bit length 8 for port 'a' [E:/IC/Mark VI/src/IFU.v:37]
WARNING: [VRFC 10-3091] actual bit length 30 differs from formal bit length 8 for port 'addra' [E:/IC/Mark VI/src/MAU.v:18]
Completed static elaboration
Starting simulation data flow analysis
Completed simulation data flow analysis
Time Resolution for simulation is 1ps
Compiling module xil_defaultlib.HazardControl
Compiling module xil_defaultlib.Mux
Compiling module xil_defaultlib.Register
Compiling module xil_defaultlib.Adder
Compiling module dist_mem_gen_v8_0_15.dist_mem_gen_v8_0_15(C_FAMILY="a...
Compiling module xil_defaultlib.ROM
Compiling module xil_defaultlib.IFU
Compiling module xil_defaultlib.Control
Compiling module xil_defaultlib.RegisterFile
Compiling module xil_defaultlib.Extend
Compiling module xil_defaultlib.IDU
Compiling module xil_defaultlib.Mux4x1
Compiling module xil_defaultlib.StoreDecoder
Compiling module xil_defaultlib.BranchUnit
Compiling module xil_defaultlib.ALU
Compiling module xil_defaultlib.Divisor
Compiling module xil_defaultlib.CSA
Compiling module xil_defaultlib.Knowles
Compiling module xil_defaultlib.Booth_default
Compiling module xil_defaultlib.EXU
Compiling module blk_mem_gen_v8_4_9.blk_mem_gen_v8_4_9_output_stage(...
Compiling module blk_mem_gen_v8_4_9.blk_mem_gen_v8_4_9_softecc_outpu...
Compiling module blk_mem_gen_v8_4_9.blk_mem_gen_v8_4_9_mem_module(C_...
Compiling module blk_mem_gen_v8_4_9.blk_mem_gen_v8_4_9(C_FAMILY="art...
Compiling module xil_defaultlib.RAM
Compiling module xil_defaultlib.MAU
Compiling module xil_defaultlib.LoadDecoder
Compiling module xil_defaultlib.WBU
Compiling module xil_defaultlib.CPU
Compiling module xil_defaultlib.testbench
Compiling module xil_defaultlib.glbl
Built simulation snapshot testbench_behav
run_program: Time (s): cpu = 00:00:00 ; elapsed = 00:00:08 . Memory (MB): peak = 2780.445 ; gain = 0.000
INFO: [USF-XSim-69] 'elaborate' step finished in '8' seconds
INFO: [USF-XSim-4] XSim::Simulate design
INFO: [USF-XSim-61] Executing 'SIMULATE' step in 'E:/IC/Mark VI/Vivado/CPU/CPU.sim/sim_1/behav/xsim'
INFO: [USF-XSim-98] *** Running xsim
   with args "testbench_behav -key {Behavioral:sim_1:Functional:testbench} -tclbatch {testbench.tcl} -log {simulate.log}"
INFO: [USF-XSim-8] Loading simulator feature
Time resolution is 1 ps
source testbench.tcl
# set curr_wave [current_wave_config]
# if { [string length $curr_wave] == 0 } {
#   if { [llength [get_objects]] > 0} {
#     add_wave /
#     set_property needs_save false [current_wave_config]
#   } else {
#      send_msg_id Add_Wave-1 WARNING "No top level signals found. Simulator will start without a wave window. If you want to open a wave window go to 'File->New Waveform Configuration' or type 'create_wave_config' in the TCL console."
#   }
# }
# run 1000ns
WARNING: This core is supplied with a behavioral model. To model cycle-accurate behavior you must run timing simulation.
Block Memory Generator module testbench.DUT.MemoryAccessUnit.DataMemory.inst.native_mem_module.blk_mem_gen_v8_4_9_inst is using a behavioral model for simulation which will not precisely model memory collision behavior.
INFO: [USF-XSim-96] XSim completed. Design snapshot 'testbench_behav' loaded.
INFO: [USF-XSim-97] XSim simulation ran for 1000ns
launch_simulation: Time (s): cpu = 00:00:05 ; elapsed = 00:00:13 . Memory (MB): peak = 2800.621 ; gain = 20.176
restart
INFO: [Wavedata 42-604] Simulation restarted
run all
WARNING: This core is supplied with a behavioral model. To model cycle-accurate behavior you must run timing simulation.
Block Memory Generator module testbench.DUT.MemoryAccessUnit.DataMemory.inst.native_mem_module.blk_mem_gen_v8_4_9_inst is using a behavioral model for simulation which will not precisely model memory collision behavior.
$finish called at time : 5010 ns : File "E:/IC/Mark VI/tests/testbench.v" Line 28
close_sim
INFO: [Simtcl 6-16] Simulation closed
WARNING: [filemgmt 56-199] Attempt to get parsing info during refresh. "On-the-fly" syntax checking information may be incorrect. [E:\IC\Mark VI\tests\testbench.v:]
WARNING: [filemgmt 56-199] Attempt to get parsing info during refresh. "On-the-fly" syntax checking information may be incorrect. [E:\IC\Aritmethic\Booth\Teste\Knowles.v:]
WARNING: [filemgmt 56-199] Attempt to get parsing info during refresh. "On-the-fly" syntax checking information may be incorrect. [E:\IC\Aritmethic\Booth\Teste\Knowles.v:]
WARNING: [filemgmt 56-199] Attempt to get parsing info during refresh. "On-the-fly" syntax checking information may be incorrect. [E:\IC\Aritmethic\Booth\Teste\Knowles.v:]
ERROR: [Common 17-180] Spawn failed: No error
refresh_design
INFO: [Synth 8-7079] Multithreading enabled for synth_design using a maximum of 2 processes.
---------------------------------------------------------------------------------
Starting RTL Elaboration : Time (s): cpu = 00:00:10 ; elapsed = 00:00:08 . Memory (MB): peak = 2800.621 ; gain = 0.000
---------------------------------------------------------------------------------
INFO: [Synth 8-6157] synthesizing module 'CPU' [E:/IC/Mark VI/src/CPU.v:1]
INFO: [Synth 8-6157] synthesizing module 'HazardControl' [E:/IC/Mark VI/src/HazardControl.v:1]
INFO: [Synth 8-6155] done synthesizing module 'HazardControl' (0#1) [E:/IC/Mark VI/src/HazardControl.v:1]
INFO: [Synth 8-6157] synthesizing module 'IFU' [E:/IC/Mark VI/src/IFU.v:1]
INFO: [Synth 8-6157] synthesizing module 'Mux' [E:/IC/Mark VI/src/Mux.v:1]
INFO: [Synth 8-6155] done synthesizing module 'Mux' (0#1) [E:/IC/Mark VI/src/Mux.v:1]
INFO: [Synth 8-6157] synthesizing module 'Register' [E:/IC/Mark VI/src/Register.v:1]
INFO: [Synth 8-6155] done synthesizing module 'Register' (0#1) [E:/IC/Mark VI/src/Register.v:1]
INFO: [Synth 8-6157] synthesizing module 'Adder' [E:/IC/Mark VI/src/Adder.v:1]
INFO: [Synth 8-6155] done synthesizing module 'Adder' (0#1) [E:/IC/Mark VI/src/Adder.v:1]
INFO: [Synth 8-6157] synthesizing module 'ROM' [E:/IC/Mark VI/Vivado/CPU/.Xil/Vivado-18496-DESKTOP-IQB8PGC/realtime/ROM_stub.v:6]
INFO: [Synth 8-6155] done synthesizing module 'ROM' (0#1) [E:/IC/Mark VI/Vivado/CPU/.Xil/Vivado-18496-DESKTOP-IQB8PGC/realtime/ROM_stub.v:6]
WARNING: [Synth 8-689] width (30) of port connection 'a' does not match port width (8) of module 'ROM' [E:/IC/Mark VI/src/IFU.v:37]
INFO: [Synth 8-6155] done synthesizing module 'IFU' (0#1) [E:/IC/Mark VI/src/IFU.v:1]
INFO: [Synth 8-6157] synthesizing module 'IDU' [E:/IC/Mark VI/src/IDU.v:1]
INFO: [Synth 8-6157] synthesizing module 'Control' [E:/IC/Mark VI/src/Control.v:1]
INFO: [Synth 8-6155] done synthesizing module 'Control' (0#1) [E:/IC/Mark VI/src/Control.v:1]
INFO: [Synth 8-6157] synthesizing module 'RegisterFile' [E:/IC/Mark VI/src/RegisterFile.v:1]
INFO: [Synth 8-6155] done synthesizing module 'RegisterFile' (0#1) [E:/IC/Mark VI/src/RegisterFile.v:1]
INFO: [Synth 8-6157] synthesizing module 'Extend' [E:/IC/Mark VI/src/Extend.v:1]
INFO: [Synth 8-6155] done synthesizing module 'Extend' (0#1) [E:/IC/Mark VI/src/Extend.v:1]
INFO: [Synth 8-6155] done synthesizing module 'IDU' (0#1) [E:/IC/Mark VI/src/IDU.v:1]
INFO: [Synth 8-6157] synthesizing module 'EXU' [E:/IC/Mark VI/src/EXU.v:1]
INFO: [Synth 8-6157] synthesizing module 'Mux4x1' [E:/IC/Mark VI/src/Mux4x1.v:1]
INFO: [Synth 8-6155] done synthesizing module 'Mux4x1' (0#1) [E:/IC/Mark VI/src/Mux4x1.v:1]
INFO: [Synth 8-6157] synthesizing module 'StoreDecoder' [E:/IC/Mark VI/src/StoreDecoder.v:1]
INFO: [Synth 8-6155] done synthesizing module 'StoreDecoder' (0#1) [E:/IC/Mark VI/src/StoreDecoder.v:1]
INFO: [Synth 8-6157] synthesizing module 'BranchUnit' [E:/IC/Mark VI/src/BranchUnit.v:1]
INFO: [Synth 8-6155] done synthesizing module 'BranchUnit' (0#1) [E:/IC/Mark VI/src/BranchUnit.v:1]
INFO: [Synth 8-6157] synthesizing module 'ALU' [E:/IC/Mark VI/src/ALU.v:1]
INFO: [Synth 8-6155] done synthesizing module 'ALU' (0#1) [E:/IC/Mark VI/src/ALU.v:1]
INFO: [Synth 8-6157] synthesizing module 'Divisor' [E:/IC/Mark VI/src/Divisor.v:1]
INFO: [Synth 8-6155] done synthesizing module 'Divisor' (0#1) [E:/IC/Mark VI/src/Divisor.v:1]
INFO: [Synth 8-6157] synthesizing module 'Booth' [E:/IC/Mark VI/src/Booth/Booth.v:1]
INFO: [Synth 8-226] default block is never used [E:/IC/Mark VI/src/Booth/Booth.v:33]
INFO: [Synth 8-226] default block is never used [E:/IC/Mark VI/src/Booth/Booth.v:33]
INFO: [Synth 8-226] default block is never used [E:/IC/Mark VI/src/Booth/Booth.v:33]
INFO: [Synth 8-226] default block is never used [E:/IC/Mark VI/src/Booth/Booth.v:33]
INFO: [Synth 8-226] default block is never used [E:/IC/Mark VI/src/Booth/Booth.v:33]
INFO: [Synth 8-226] default block is never used [E:/IC/Mark VI/src/Booth/Booth.v:33]
INFO: [Synth 8-226] default block is never used [E:/IC/Mark VI/src/Booth/Booth.v:33]
INFO: [Synth 8-226] default block is never used [E:/IC/Mark VI/src/Booth/Booth.v:33]
INFO: [Synth 8-226] default block is never used [E:/IC/Mark VI/src/Booth/Booth.v:33]
INFO: [Synth 8-226] default block is never used [E:/IC/Mark VI/src/Booth/Booth.v:33]
INFO: [Synth 8-226] default block is never used [E:/IC/Mark VI/src/Booth/Booth.v:33]
INFO: [Synth 8-226] default block is never used [E:/IC/Mark VI/src/Booth/Booth.v:33]
INFO: [Synth 8-226] default block is never used [E:/IC/Mark VI/src/Booth/Booth.v:33]
INFO: [Synth 8-226] default block is never used [E:/IC/Mark VI/src/Booth/Booth.v:33]
INFO: [Synth 8-226] default block is never used [E:/IC/Mark VI/src/Booth/Booth.v:33]
INFO: [Synth 8-226] default block is never used [E:/IC/Mark VI/src/Booth/Booth.v:33]
INFO: [Synth 8-6157] synthesizing module 'CSA' [E:/IC/Mark VI/src/Booth/CSA.v:1]
INFO: [Synth 8-6155] done synthesizing module 'CSA' (0#1) [E:/IC/Mark VI/src/Booth/CSA.v:1]
INFO: [Synth 8-6157] synthesizing module 'Knowles' [E:/IC/Aritmethic/Booth/Teste/Knowles.v:83]
INFO: [Synth 8-6155] done synthesizing module 'Knowles' (0#1) [E:/IC/Aritmethic/Booth/Teste/Knowles.v:83]
WARNING: [Synth 8-7071] port 'Cout' of module 'Knowles' is unconnected for instance 'CPA' [E:/IC/Mark VI/src/Booth/Booth.v:109]
WARNING: [Synth 8-7023] instance 'CPA' of module 'Knowles' has 5 connections declared, but only 4 given [E:/IC/Mark VI/src/Booth/Booth.v:109]
INFO: [Synth 8-6155] done synthesizing module 'Booth' (0#1) [E:/IC/Mark VI/src/Booth/Booth.v:1]
INFO: [Synth 8-6155] done synthesizing module 'EXU' (0#1) [E:/IC/Mark VI/src/EXU.v:1]
INFO: [Synth 8-6157] synthesizing module 'MAU' [E:/IC/Mark VI/src/MAU.v:1]
INFO: [Synth 8-6157] synthesizing module 'RAM' [E:/IC/Mark VI/Vivado/CPU/.Xil/Vivado-18496-DESKTOP-IQB8PGC/realtime/RAM_stub.v:6]
INFO: [Synth 8-6155] done synthesizing module 'RAM' (0#1) [E:/IC/Mark VI/Vivado/CPU/.Xil/Vivado-18496-DESKTOP-IQB8PGC/realtime/RAM_stub.v:6]
WARNING: [Synth 8-689] width (30) of port connection 'addra' does not match port width (8) of module 'RAM' [E:/IC/Mark VI/src/MAU.v:18]
INFO: [Synth 8-6155] done synthesizing module 'MAU' (0#1) [E:/IC/Mark VI/src/MAU.v:1]
INFO: [Synth 8-6157] synthesizing module 'WBU' [E:/IC/Mark VI/src/WBU.v:1]
INFO: [Synth 8-6157] synthesizing module 'LoadDecoder' [E:/IC/Mark VI/src/LoadDecoder.v:1]
INFO: [Synth 8-6155] done synthesizing module 'LoadDecoder' (0#1) [E:/IC/Mark VI/src/LoadDecoder.v:1]
INFO: [Synth 8-6155] done synthesizing module 'WBU' (0#1) [E:/IC/Mark VI/src/WBU.v:1]
INFO: [Synth 8-6155] done synthesizing module 'CPU' (0#1) [E:/IC/Mark VI/src/CPU.v:1]
---------------------------------------------------------------------------------
Finished RTL Elaboration : Time (s): cpu = 00:00:13 ; elapsed = 00:00:11 . Memory (MB): peak = 2800.621 ; gain = 0.000
---------------------------------------------------------------------------------
---------------------------------------------------------------------------------
Start Handling Custom Attributes
---------------------------------------------------------------------------------
---------------------------------------------------------------------------------
Finished Handling Custom Attributes : Time (s): cpu = 00:00:13 ; elapsed = 00:00:12 . Memory (MB): peak = 2800.621 ; gain = 0.000
---------------------------------------------------------------------------------
---------------------------------------------------------------------------------
Finished RTL Optimization Phase 1 : Time (s): cpu = 00:00:13 ; elapsed = 00:00:12 . Memory (MB): peak = 2800.621 ; gain = 0.000
---------------------------------------------------------------------------------
INFO: [Project 1-454] Reading design checkpoint 'e:/IC/Mark VI/Vivado/CPU/CPU.gen/sources_1/ip/ROM/ROM.dcp' for cell 'InstructionFetchUnit/InstructionMemory'
INFO: [Project 1-454] Reading design checkpoint 'e:/IC/Mark VI/Vivado/CPU/CPU.gen/sources_1/ip/RAM/RAM.dcp' for cell 'MemoryAccessUnit/DataMemory'
Netlist sorting complete. Time (s): cpu = 00:00:01 ; elapsed = 00:00:00.161 . Memory (MB): peak = 2800.621 ; gain = 0.000
INFO: [Netlist 29-17] Analyzing 1 Unisim elements for replacement
INFO: [Netlist 29-28] Unisim Transformation completed in 0 CPU seconds
INFO: [Project 1-479] Netlist was created with Vivado 2024.2
INFO: [Project 1-570] Preparing netlist for logic optimization

Processing XDC Constraints
Initializing timing engine
Parsing XDC File [E:/IC/Mark VI/constraints/RISCV.xdc]
Finished Parsing XDC File [E:/IC/Mark VI/constraints/RISCV.xdc]
Completed Processing XDC Constraints

refresh_design: Time (s): cpu = 00:00:22 ; elapsed = 00:00:17 . Memory (MB): peak = 3497.215 ; gain = 696.594
synth_design -top CPU -part xc7a50tcsg324-3 -lint 
Command: synth_design -top CPU -part xc7a50tcsg324-3 -lint
Starting synth_design
Attempting to get a license for feature 'Synthesis' and/or device 'xc7a50t'
INFO: [Common 17-349] Got license for feature 'Synthesis' and/or device 'xc7a50t'
INFO: [Synth 8-7079] Multithreading enabled for synth_design using a maximum of 2 processes.
---------------------------------------------------------------------------------
Starting Synthesize : Time (s): cpu = 00:00:09 ; elapsed = 00:00:08 . Memory (MB): peak = 3526.840 ; gain = 15.867
---------------------------------------------------------------------------------
Clean up Linter database...
INFO: [Synth 8-6157] synthesizing module 'CPU' [E:/IC/Mark VI/src/CPU.v:1]
INFO: [Synth 8-6157] synthesizing module 'HazardControl' [E:/IC/Mark VI/src/HazardControl.v:1]
INFO: [Synth 8-6155] done synthesizing module 'HazardControl' (1#1) [E:/IC/Mark VI/src/HazardControl.v:1]
INFO: [Synth 8-6157] synthesizing module 'IFU' [E:/IC/Mark VI/src/IFU.v:1]
INFO: [Synth 8-6157] synthesizing module 'Mux' [E:/IC/Mark VI/src/Mux.v:1]
INFO: [Synth 8-6155] done synthesizing module 'Mux' (2#1) [E:/IC/Mark VI/src/Mux.v:1]
INFO: [Synth 8-6157] synthesizing module 'Register' [E:/IC/Mark VI/src/Register.v:1]
INFO: [Synth 8-6155] done synthesizing module 'Register' (3#1) [E:/IC/Mark VI/src/Register.v:1]
INFO: [Synth 8-6157] synthesizing module 'Adder' [E:/IC/Mark VI/src/Adder.v:1]
INFO: [Synth 8-6155] done synthesizing module 'Adder' (4#1) [E:/IC/Mark VI/src/Adder.v:1]
INFO: [Synth 8-6157] synthesizing module 'ROM' [E:/IC/Mark VI/Vivado/CPU/.Xil/Vivado-18496-DESKTOP-IQB8PGC/realtime/ROM_stub.v:6]
INFO: [Synth 8-6155] done synthesizing module 'ROM' (5#1) [E:/IC/Mark VI/Vivado/CPU/.Xil/Vivado-18496-DESKTOP-IQB8PGC/realtime/ROM_stub.v:6]
WARNING: [Synth 8-689] width (30) of port connection 'a' does not match port width (8) of module 'ROM' [E:/IC/Mark VI/src/IFU.v:37]
INFO: [Synth 8-6155] done synthesizing module 'IFU' (6#1) [E:/IC/Mark VI/src/IFU.v:1]
INFO: [Synth 8-6157] synthesizing module 'IDU' [E:/IC/Mark VI/src/IDU.v:1]
INFO: [Synth 8-6157] synthesizing module 'Control' [E:/IC/Mark VI/src/Control.v:1]
INFO: [Synth 8-6155] done synthesizing module 'Control' (7#1) [E:/IC/Mark VI/src/Control.v:1]
INFO: [Synth 8-6157] synthesizing module 'RegisterFile' [E:/IC/Mark VI/src/RegisterFile.v:1]
INFO: [Synth 8-6155] done synthesizing module 'RegisterFile' (8#1) [E:/IC/Mark VI/src/RegisterFile.v:1]
INFO: [Synth 8-6157] synthesizing module 'Extend' [E:/IC/Mark VI/src/Extend.v:1]
INFO: [Synth 8-6155] done synthesizing module 'Extend' (9#1) [E:/IC/Mark VI/src/Extend.v:1]
INFO: [Synth 8-6155] done synthesizing module 'IDU' (10#1) [E:/IC/Mark VI/src/IDU.v:1]
INFO: [Synth 8-6157] synthesizing module 'EXU' [E:/IC/Mark VI/src/EXU.v:1]
INFO: [Synth 8-6157] synthesizing module 'Mux4x1' [E:/IC/Mark VI/src/Mux4x1.v:1]
INFO: [Synth 8-6155] done synthesizing module 'Mux4x1' (11#1) [E:/IC/Mark VI/src/Mux4x1.v:1]
INFO: [Synth 8-6157] synthesizing module 'StoreDecoder' [E:/IC/Mark VI/src/StoreDecoder.v:1]
INFO: [Synth 8-6155] done synthesizing module 'StoreDecoder' (12#1) [E:/IC/Mark VI/src/StoreDecoder.v:1]
INFO: [Synth 8-6157] synthesizing module 'BranchUnit' [E:/IC/Mark VI/src/BranchUnit.v:1]
INFO: [Synth 8-6155] done synthesizing module 'BranchUnit' (13#1) [E:/IC/Mark VI/src/BranchUnit.v:1]
INFO: [Synth 8-6157] synthesizing module 'ALU' [E:/IC/Mark VI/src/ALU.v:1]
INFO: [Synth 8-6155] done synthesizing module 'ALU' (14#1) [E:/IC/Mark VI/src/ALU.v:1]
INFO: [Synth 8-6157] synthesizing module 'Divisor' [E:/IC/Mark VI/src/Divisor.v:1]
INFO: [Synth 8-6155] done synthesizing module 'Divisor' (15#1) [E:/IC/Mark VI/src/Divisor.v:1]
INFO: [Synth 8-6157] synthesizing module 'Booth' [E:/IC/Mark VI/src/Booth/Booth.v:1]
INFO: [Synth 8-226] default block is never used [E:/IC/Mark VI/src/Booth/Booth.v:33]
INFO: [Synth 8-226] default block is never used [E:/IC/Mark VI/src/Booth/Booth.v:33]
INFO: [Synth 8-226] default block is never used [E:/IC/Mark VI/src/Booth/Booth.v:33]
INFO: [Synth 8-226] default block is never used [E:/IC/Mark VI/src/Booth/Booth.v:33]
INFO: [Synth 8-226] default block is never used [E:/IC/Mark VI/src/Booth/Booth.v:33]
INFO: [Synth 8-226] default block is never used [E:/IC/Mark VI/src/Booth/Booth.v:33]
INFO: [Synth 8-226] default block is never used [E:/IC/Mark VI/src/Booth/Booth.v:33]
INFO: [Synth 8-226] default block is never used [E:/IC/Mark VI/src/Booth/Booth.v:33]
INFO: [Synth 8-226] default block is never used [E:/IC/Mark VI/src/Booth/Booth.v:33]
INFO: [Synth 8-226] default block is never used [E:/IC/Mark VI/src/Booth/Booth.v:33]
INFO: [Synth 8-226] default block is never used [E:/IC/Mark VI/src/Booth/Booth.v:33]
INFO: [Synth 8-226] default block is never used [E:/IC/Mark VI/src/Booth/Booth.v:33]
INFO: [Synth 8-226] default block is never used [E:/IC/Mark VI/src/Booth/Booth.v:33]
INFO: [Synth 8-226] default block is never used [E:/IC/Mark VI/src/Booth/Booth.v:33]
INFO: [Synth 8-226] default block is never used [E:/IC/Mark VI/src/Booth/Booth.v:33]
INFO: [Synth 8-226] default block is never used [E:/IC/Mark VI/src/Booth/Booth.v:33]
INFO: [Synth 8-6157] synthesizing module 'CSA' [E:/IC/Mark VI/src/Booth/CSA.v:1]
INFO: [Synth 8-6155] done synthesizing module 'CSA' (16#1) [E:/IC/Mark VI/src/Booth/CSA.v:1]
INFO: [Synth 8-6157] synthesizing module 'Knowles' [E:/IC/Aritmethic/Booth/Teste/Knowles.v:83]
INFO: [Synth 8-6155] done synthesizing module 'Knowles' (17#1) [E:/IC/Aritmethic/Booth/Teste/Knowles.v:83]
WARNING: [Synth 8-7071] port 'Cout' of module 'Knowles' is unconnected for instance 'CPA' [E:/IC/Mark VI/src/Booth/Booth.v:109]
WARNING: [Synth 8-7023] instance 'CPA' of module 'Knowles' has 5 connections declared, but only 4 given [E:/IC/Mark VI/src/Booth/Booth.v:109]
INFO: [Synth 8-6155] done synthesizing module 'Booth' (18#1) [E:/IC/Mark VI/src/Booth/Booth.v:1]
INFO: [Synth 8-6155] done synthesizing module 'EXU' (19#1) [E:/IC/Mark VI/src/EXU.v:1]
INFO: [Synth 8-6157] synthesizing module 'MAU' [E:/IC/Mark VI/src/MAU.v:1]
INFO: [Synth 8-6157] synthesizing module 'RAM' [E:/IC/Mark VI/Vivado/CPU/.Xil/Vivado-18496-DESKTOP-IQB8PGC/realtime/RAM_stub.v:6]
INFO: [Synth 8-6155] done synthesizing module 'RAM' (20#1) [E:/IC/Mark VI/Vivado/CPU/.Xil/Vivado-18496-DESKTOP-IQB8PGC/realtime/RAM_stub.v:6]
WARNING: [Synth 8-689] width (30) of port connection 'addra' does not match port width (8) of module 'RAM' [E:/IC/Mark VI/src/MAU.v:18]
INFO: [Synth 8-6155] done synthesizing module 'MAU' (21#1) [E:/IC/Mark VI/src/MAU.v:1]
INFO: [Synth 8-6157] synthesizing module 'WBU' [E:/IC/Mark VI/src/WBU.v:1]
INFO: [Synth 8-6157] synthesizing module 'LoadDecoder' [E:/IC/Mark VI/src/LoadDecoder.v:1]
INFO: [Synth 8-6155] done synthesizing module 'LoadDecoder' (22#1) [E:/IC/Mark VI/src/LoadDecoder.v:1]
INFO: [Synth 8-6155] done synthesizing module 'WBU' (23#1) [E:/IC/Mark VI/src/WBU.v:1]
INFO: [Synth 8-6155] done synthesizing module 'CPU' (24#1) [E:/IC/Mark VI/src/CPU.v:1]
---------------------------------------------------------------------------------
Finished Synthesize : Time (s): cpu = 00:00:12 ; elapsed = 00:00:11 . Memory (MB): peak = 3527.895 ; gain = 16.922
---------------------------------------------------------------------------------
Copyright 1986-2022 Xilinx, Inc. All Rights Reserved. Copyright 2022-2024 Advanced Micro Devices, Inc. All Rights Reserved.
---------------------------------------------------------------------------------------------------------------------------------------------
| Tool Version : Vivado v.2024.2 (win64) Build 5239630 Fri Nov 08 22:35:27 MST 2024
| Date         : Tue May 20 22:03:22 2025
| Host         : DESKTOP-IQB8PGC running 64-bit major release  (build 9200)
---------------------------------------------------------------------------------------------------------------------------------------------

RTL Linter Report

Table of Contents
-----------------
1. Summary

1. Summary
----------

+----------+------------------+--------------+----------+
| Rule ID  | Severity         | # Violations | # Waived |
+----------+------------------+--------------+----------+
| ASSIGN-5 | WARNING          | 1            | 0        |
| ASSIGN-6 | WARNING          | 16           | 0        |
| RESET-3  | CRITICAL WARNING | 1            | 0        |
+----------+------------------+--------------+----------+


WARNING: [Synth 37-124] [ASSIGN-5]Some bits in 'ii' are not set. First unset bit index is 0. 
RTL Name 'ii', Hierarchy 'Booth', File 'Booth.v', Line 16.
WARNING: [Synth 37-123] [ASSIGN-6]Some bits in 'C0' are not read. First unread bit index is 63. 
RTL Name 'C0', Hierarchy 'Booth', File 'Booth.v', Line 54.
WARNING: [Synth 37-123] [ASSIGN-6]Some bits in 'C1' are not read. First unread bit index is 63. 
RTL Name 'C1', Hierarchy 'Booth', File 'Booth.v', Line 54.
WARNING: [Synth 37-123] [ASSIGN-6]Some bits in 'C10' are not read. First unread bit index is 63. 
RTL Name 'C10', Hierarchy 'Booth', File 'Booth.v', Line 76.
WARNING: [Synth 37-123] [ASSIGN-6]Some bits in 'C11' are not read. First unread bit index is 63. 
RTL Name 'C11', Hierarchy 'Booth', File 'Booth.v', Line 76.
WARNING: [Synth 37-123] [ASSIGN-6]Some bits in 'C12' are not read. First unread bit index is 63. 
RTL Name 'C12', Hierarchy 'Booth', File 'Booth.v', Line 82.
WARNING: [Synth 37-123] [ASSIGN-6]Some bits in 'C13_reg' are not read. First unread bit index is 63. 
RTL Name 'C13_reg', Hierarchy 'Booth', File 'Booth.v', Line 90.
WARNING: [Synth 37-123] [ASSIGN-6]Some bits in 'C2' are not read. First unread bit index is 63. 
RTL Name 'C2', Hierarchy 'Booth', File 'Booth.v', Line 54.
WARNING: [Synth 37-123] [ASSIGN-6]Some bits in 'C3' are not read. First unread bit index is 63. 
RTL Name 'C3', Hierarchy 'Booth', File 'Booth.v', Line 54.
WARNING: [Synth 37-123] [ASSIGN-6]Some bits in 'C4' are not read. First unread bit index is 63. 
RTL Name 'C4', Hierarchy 'Booth', File 'Booth.v', Line 54.
WARNING: [Synth 37-123] [ASSIGN-6]Some bits in 'C5' are not read. First unread bit index is 63. 
RTL Name 'C5', Hierarchy 'Booth', File 'Booth.v', Line 63.
WARNING: [Synth 37-123] [ASSIGN-6]Some bits in 'C6' are not read. First unread bit index is 63. 
RTL Name 'C6', Hierarchy 'Booth', File 'Booth.v', Line 63.
WARNING: [Synth 37-123] [ASSIGN-6]Some bits in 'C7' are not read. First unread bit index is 63. 
RTL Name 'C7', Hierarchy 'Booth', File 'Booth.v', Line 63.
WARNING: [Synth 37-123] [ASSIGN-6]Some bits in 'C8' are not read. First unread bit index is 63. 
RTL Name 'C8', Hierarchy 'Booth', File 'Booth.v', Line 70.
WARNING: [Synth 37-123] [ASSIGN-6]Some bits in 'C9' are not read. First unread bit index is 63. 
RTL Name 'C9', Hierarchy 'Booth', File 'Booth.v', Line 70.
CRITICAL WARNING: [Synth 37-111] [RESET-3]Synchronous reset not found on register Q_reg and its enable logic contains synchronous reset in same always/process block.
RTL Name 'Q_reg', Hierarchy 'Divisor', File 'E:/IC/Mark VI/src/Divisor.v', Line 21.
WARNING: [Synth 37-123] [ASSIGN-6]Some bits in 'G6' are not read. First unread bit index is 63. 
RTL Name 'G6', Hierarchy 'Knowles', File 'Knowles.v', Line 91.
WARNING: [Synth 37-123] [ASSIGN-6]Some bits in 'P5' are not read. First unread bit index is 0. 
RTL Name 'P5', Hierarchy 'Knowles', File 'Knowles.v', Line 91.
INFO: [Synth 37-85] Total of 18 linter message(s) generated.
INFO: [Synth 37-45] Linter Run Finished!
Synthesis Optimization Runtime : Time (s): cpu = 00:00:12 ; elapsed = 00:00:11 . Memory (MB): peak = 3551.781 ; gain = 40.809
INFO: [Common 17-83] Releasing license: Synthesis
69 Infos, 21 Warnings, 1 Critical Warnings and 0 Errors encountered.
synth_design completed successfully
synth_design: Time (s): cpu = 00:00:12 ; elapsed = 00:00:11 . Memory (MB): peak = 3551.781 ; gain = 48.527
synth_design -top CPU -part xc7a50tcsg324-3 -lint 
Command: synth_design -top CPU -part xc7a50tcsg324-3 -lint
Starting synth_design
Attempting to get a license for feature 'Synthesis' and/or device 'xc7a50t'
INFO: [Common 17-349] Got license for feature 'Synthesis' and/or device 'xc7a50t'
INFO: [Synth 8-7079] Multithreading enabled for synth_design using a maximum of 2 processes.
---------------------------------------------------------------------------------
Starting Synthesize : Time (s): cpu = 00:00:10 ; elapsed = 00:00:08 . Memory (MB): peak = 3551.781 ; gain = 0.000
---------------------------------------------------------------------------------
Clean up Linter database...
INFO: [Synth 8-6157] synthesizing module 'CPU' [E:/IC/Mark VI/src/CPU.v:1]
INFO: [Synth 8-6157] synthesizing module 'HazardControl' [E:/IC/Mark VI/src/HazardControl.v:1]
INFO: [Synth 8-6155] done synthesizing module 'HazardControl' (1#1) [E:/IC/Mark VI/src/HazardControl.v:1]
INFO: [Synth 8-6157] synthesizing module 'IFU' [E:/IC/Mark VI/src/IFU.v:1]
INFO: [Synth 8-6157] synthesizing module 'Mux' [E:/IC/Mark VI/src/Mux.v:1]
INFO: [Synth 8-6155] done synthesizing module 'Mux' (2#1) [E:/IC/Mark VI/src/Mux.v:1]
INFO: [Synth 8-6157] synthesizing module 'Register' [E:/IC/Mark VI/src/Register.v:1]
INFO: [Synth 8-6155] done synthesizing module 'Register' (3#1) [E:/IC/Mark VI/src/Register.v:1]
INFO: [Synth 8-6157] synthesizing module 'Adder' [E:/IC/Mark VI/src/Adder.v:1]
INFO: [Synth 8-6155] done synthesizing module 'Adder' (4#1) [E:/IC/Mark VI/src/Adder.v:1]
INFO: [Synth 8-6157] synthesizing module 'ROM' [E:/IC/Mark VI/Vivado/CPU/.Xil/Vivado-18496-DESKTOP-IQB8PGC/realtime/ROM_stub.v:6]
INFO: [Synth 8-6155] done synthesizing module 'ROM' (5#1) [E:/IC/Mark VI/Vivado/CPU/.Xil/Vivado-18496-DESKTOP-IQB8PGC/realtime/ROM_stub.v:6]
WARNING: [Synth 8-689] width (30) of port connection 'a' does not match port width (8) of module 'ROM' [E:/IC/Mark VI/src/IFU.v:37]
INFO: [Synth 8-6155] done synthesizing module 'IFU' (6#1) [E:/IC/Mark VI/src/IFU.v:1]
INFO: [Synth 8-6157] synthesizing module 'IDU' [E:/IC/Mark VI/src/IDU.v:1]
INFO: [Synth 8-6157] synthesizing module 'Control' [E:/IC/Mark VI/src/Control.v:1]
INFO: [Synth 8-6155] done synthesizing module 'Control' (7#1) [E:/IC/Mark VI/src/Control.v:1]
INFO: [Synth 8-6157] synthesizing module 'RegisterFile' [E:/IC/Mark VI/src/RegisterFile.v:1]
INFO: [Synth 8-6155] done synthesizing module 'RegisterFile' (8#1) [E:/IC/Mark VI/src/RegisterFile.v:1]
INFO: [Synth 8-6157] synthesizing module 'Extend' [E:/IC/Mark VI/src/Extend.v:1]
INFO: [Synth 8-6155] done synthesizing module 'Extend' (9#1) [E:/IC/Mark VI/src/Extend.v:1]
INFO: [Synth 8-6155] done synthesizing module 'IDU' (10#1) [E:/IC/Mark VI/src/IDU.v:1]
INFO: [Synth 8-6157] synthesizing module 'EXU' [E:/IC/Mark VI/src/EXU.v:1]
INFO: [Synth 8-6157] synthesizing module 'Mux4x1' [E:/IC/Mark VI/src/Mux4x1.v:1]
INFO: [Synth 8-6155] done synthesizing module 'Mux4x1' (11#1) [E:/IC/Mark VI/src/Mux4x1.v:1]
INFO: [Synth 8-6157] synthesizing module 'StoreDecoder' [E:/IC/Mark VI/src/StoreDecoder.v:1]
INFO: [Synth 8-6155] done synthesizing module 'StoreDecoder' (12#1) [E:/IC/Mark VI/src/StoreDecoder.v:1]
INFO: [Synth 8-6157] synthesizing module 'BranchUnit' [E:/IC/Mark VI/src/BranchUnit.v:1]
INFO: [Synth 8-6155] done synthesizing module 'BranchUnit' (13#1) [E:/IC/Mark VI/src/BranchUnit.v:1]
INFO: [Synth 8-6157] synthesizing module 'ALU' [E:/IC/Mark VI/src/ALU.v:1]
INFO: [Synth 8-6155] done synthesizing module 'ALU' (14#1) [E:/IC/Mark VI/src/ALU.v:1]
INFO: [Synth 8-6157] synthesizing module 'Divisor' [E:/IC/Mark VI/src/Divisor.v:1]
INFO: [Synth 8-6155] done synthesizing module 'Divisor' (15#1) [E:/IC/Mark VI/src/Divisor.v:1]
INFO: [Synth 8-6157] synthesizing module 'Booth' [E:/IC/Mark VI/src/Booth/Booth.v:1]
INFO: [Synth 8-226] default block is never used [E:/IC/Mark VI/src/Booth/Booth.v:33]
INFO: [Synth 8-226] default block is never used [E:/IC/Mark VI/src/Booth/Booth.v:33]
INFO: [Synth 8-226] default block is never used [E:/IC/Mark VI/src/Booth/Booth.v:33]
INFO: [Synth 8-226] default block is never used [E:/IC/Mark VI/src/Booth/Booth.v:33]
INFO: [Synth 8-226] default block is never used [E:/IC/Mark VI/src/Booth/Booth.v:33]
INFO: [Synth 8-226] default block is never used [E:/IC/Mark VI/src/Booth/Booth.v:33]
INFO: [Synth 8-226] default block is never used [E:/IC/Mark VI/src/Booth/Booth.v:33]
INFO: [Synth 8-226] default block is never used [E:/IC/Mark VI/src/Booth/Booth.v:33]
INFO: [Synth 8-226] default block is never used [E:/IC/Mark VI/src/Booth/Booth.v:33]
INFO: [Synth 8-226] default block is never used [E:/IC/Mark VI/src/Booth/Booth.v:33]
INFO: [Synth 8-226] default block is never used [E:/IC/Mark VI/src/Booth/Booth.v:33]
INFO: [Synth 8-226] default block is never used [E:/IC/Mark VI/src/Booth/Booth.v:33]
INFO: [Synth 8-226] default block is never used [E:/IC/Mark VI/src/Booth/Booth.v:33]
INFO: [Synth 8-226] default block is never used [E:/IC/Mark VI/src/Booth/Booth.v:33]
INFO: [Synth 8-226] default block is never used [E:/IC/Mark VI/src/Booth/Booth.v:33]
INFO: [Synth 8-226] default block is never used [E:/IC/Mark VI/src/Booth/Booth.v:33]
INFO: [Synth 8-6157] synthesizing module 'CSA' [E:/IC/Mark VI/src/Booth/CSA.v:1]
INFO: [Synth 8-6155] done synthesizing module 'CSA' (16#1) [E:/IC/Mark VI/src/Booth/CSA.v:1]
INFO: [Synth 8-6157] synthesizing module 'Knowles' [E:/IC/Aritmethic/Booth/Teste/Knowles.v:83]
INFO: [Synth 8-6155] done synthesizing module 'Knowles' (17#1) [E:/IC/Aritmethic/Booth/Teste/Knowles.v:83]
WARNING: [Synth 8-7071] port 'Cout' of module 'Knowles' is unconnected for instance 'CPA' [E:/IC/Mark VI/src/Booth/Booth.v:109]
WARNING: [Synth 8-7023] instance 'CPA' of module 'Knowles' has 5 connections declared, but only 4 given [E:/IC/Mark VI/src/Booth/Booth.v:109]
INFO: [Synth 8-6155] done synthesizing module 'Booth' (18#1) [E:/IC/Mark VI/src/Booth/Booth.v:1]
INFO: [Synth 8-6155] done synthesizing module 'EXU' (19#1) [E:/IC/Mark VI/src/EXU.v:1]
INFO: [Synth 8-6157] synthesizing module 'MAU' [E:/IC/Mark VI/src/MAU.v:1]
INFO: [Synth 8-6157] synthesizing module 'RAM' [E:/IC/Mark VI/Vivado/CPU/.Xil/Vivado-18496-DESKTOP-IQB8PGC/realtime/RAM_stub.v:6]
INFO: [Synth 8-6155] done synthesizing module 'RAM' (20#1) [E:/IC/Mark VI/Vivado/CPU/.Xil/Vivado-18496-DESKTOP-IQB8PGC/realtime/RAM_stub.v:6]
WARNING: [Synth 8-689] width (30) of port connection 'addra' does not match port width (8) of module 'RAM' [E:/IC/Mark VI/src/MAU.v:18]
INFO: [Synth 8-6155] done synthesizing module 'MAU' (21#1) [E:/IC/Mark VI/src/MAU.v:1]
INFO: [Synth 8-6157] synthesizing module 'WBU' [E:/IC/Mark VI/src/WBU.v:1]
INFO: [Synth 8-6157] synthesizing module 'LoadDecoder' [E:/IC/Mark VI/src/LoadDecoder.v:1]
INFO: [Synth 8-6155] done synthesizing module 'LoadDecoder' (22#1) [E:/IC/Mark VI/src/LoadDecoder.v:1]
INFO: [Synth 8-6155] done synthesizing module 'WBU' (23#1) [E:/IC/Mark VI/src/WBU.v:1]
INFO: [Synth 8-6155] done synthesizing module 'CPU' (24#1) [E:/IC/Mark VI/src/CPU.v:1]
---------------------------------------------------------------------------------
Finished Synthesize : Time (s): cpu = 00:00:13 ; elapsed = 00:00:12 . Memory (MB): peak = 3551.781 ; gain = 0.000
---------------------------------------------------------------------------------
Copyright 1986-2022 Xilinx, Inc. All Rights Reserved. Copyright 2022-2024 Advanced Micro Devices, Inc. All Rights Reserved.
---------------------------------------------------------------------------------------------------------------------------------------------
| Tool Version : Vivado v.2024.2 (win64) Build 5239630 Fri Nov 08 22:35:27 MST 2024
| Date         : Tue May 20 22:03:39 2025
| Host         : DESKTOP-IQB8PGC running 64-bit major release  (build 9200)
---------------------------------------------------------------------------------------------------------------------------------------------

RTL Linter Report

Table of Contents
-----------------
1. Summary

1. Summary
----------

+----------+------------------+--------------+----------+
| Rule ID  | Severity         | # Violations | # Waived |
+----------+------------------+--------------+----------+
| ASSIGN-5 | WARNING          | 1            | 0        |
| ASSIGN-6 | WARNING          | 16           | 0        |
| RESET-3  | CRITICAL WARNING | 1            | 0        |
+----------+------------------+--------------+----------+


WARNING: [Synth 37-124] [ASSIGN-5]Some bits in 'ii' are not set. First unset bit index is 0. 
RTL Name 'ii', Hierarchy 'Booth', File 'Booth.v', Line 16.
WARNING: [Synth 37-123] [ASSIGN-6]Some bits in 'C0' are not read. First unread bit index is 63. 
RTL Name 'C0', Hierarchy 'Booth', File 'Booth.v', Line 54.
WARNING: [Synth 37-123] [ASSIGN-6]Some bits in 'C1' are not read. First unread bit index is 63. 
RTL Name 'C1', Hierarchy 'Booth', File 'Booth.v', Line 54.
WARNING: [Synth 37-123] [ASSIGN-6]Some bits in 'C10' are not read. First unread bit index is 63. 
RTL Name 'C10', Hierarchy 'Booth', File 'Booth.v', Line 76.
WARNING: [Synth 37-123] [ASSIGN-6]Some bits in 'C11' are not read. First unread bit index is 63. 
RTL Name 'C11', Hierarchy 'Booth', File 'Booth.v', Line 76.
WARNING: [Synth 37-123] [ASSIGN-6]Some bits in 'C12' are not read. First unread bit index is 63. 
RTL Name 'C12', Hierarchy 'Booth', File 'Booth.v', Line 82.
WARNING: [Synth 37-123] [ASSIGN-6]Some bits in 'C13_reg' are not read. First unread bit index is 63. 
RTL Name 'C13_reg', Hierarchy 'Booth', File 'Booth.v', Line 90.
WARNING: [Synth 37-123] [ASSIGN-6]Some bits in 'C2' are not read. First unread bit index is 63. 
RTL Name 'C2', Hierarchy 'Booth', File 'Booth.v', Line 54.
WARNING: [Synth 37-123] [ASSIGN-6]Some bits in 'C3' are not read. First unread bit index is 63. 
RTL Name 'C3', Hierarchy 'Booth', File 'Booth.v', Line 54.
WARNING: [Synth 37-123] [ASSIGN-6]Some bits in 'C4' are not read. First unread bit index is 63. 
RTL Name 'C4', Hierarchy 'Booth', File 'Booth.v', Line 54.
WARNING: [Synth 37-123] [ASSIGN-6]Some bits in 'C5' are not read. First unread bit index is 63. 
RTL Name 'C5', Hierarchy 'Booth', File 'Booth.v', Line 63.
WARNING: [Synth 37-123] [ASSIGN-6]Some bits in 'C6' are not read. First unread bit index is 63. 
RTL Name 'C6', Hierarchy 'Booth', File 'Booth.v', Line 63.
WARNING: [Synth 37-123] [ASSIGN-6]Some bits in 'C7' are not read. First unread bit index is 63. 
RTL Name 'C7', Hierarchy 'Booth', File 'Booth.v', Line 63.
WARNING: [Synth 37-123] [ASSIGN-6]Some bits in 'C8' are not read. First unread bit index is 63. 
RTL Name 'C8', Hierarchy 'Booth', File 'Booth.v', Line 70.
WARNING: [Synth 37-123] [ASSIGN-6]Some bits in 'C9' are not read. First unread bit index is 63. 
RTL Name 'C9', Hierarchy 'Booth', File 'Booth.v', Line 70.
CRITICAL WARNING: [Synth 37-111] [RESET-3]Synchronous reset not found on register Q_reg and its enable logic contains synchronous reset in same always/process block.
RTL Name 'Q_reg', Hierarchy 'Divisor', File 'E:/IC/Mark VI/src/Divisor.v', Line 21.
WARNING: [Synth 37-123] [ASSIGN-6]Some bits in 'G6' are not read. First unread bit index is 63. 
RTL Name 'G6', Hierarchy 'Knowles', File 'Knowles.v', Line 91.
WARNING: [Synth 37-123] [ASSIGN-6]Some bits in 'P5' are not read. First unread bit index is 0. 
RTL Name 'P5', Hierarchy 'Knowles', File 'Knowles.v', Line 91.
INFO: [Synth 37-85] Total of 18 linter message(s) generated.
INFO: [Synth 37-45] Linter Run Finished!
Synthesis Optimization Runtime : Time (s): cpu = 00:00:13 ; elapsed = 00:00:12 . Memory (MB): peak = 3551.781 ; gain = 0.000
INFO: [Common 17-83] Releasing license: Synthesis
69 Infos, 21 Warnings, 1 Critical Warnings and 0 Errors encountered.
synth_design completed successfully
synth_design: Time (s): cpu = 00:00:13 ; elapsed = 00:00:12 . Memory (MB): peak = 3551.781 ; gain = 0.000
generate_target Simulation [get_files {E:/IC/Mark VI/Vivado/CPU/CPU.srcs/sources_1/ip/ROM/ROM.xci}]
WARNING: [Vivado 12-818] No files matched 'E:/IC/Mark'
WARNING: [Vivado 12-818] No files matched 'VI/Vivado/CPU/CPU.srcs/sources_1/ip/ROM/ROM.xci'
export_ip_user_files -of_objects [get_files {E:/IC/Mark VI/Vivado/CPU/CPU.srcs/sources_1/ip/ROM/ROM.xci}] -no_script -sync -force -quiet
WARNING: [Vivado 12-818] No files matched 'E:/IC/Mark'
WARNING: [Vivado 12-818] No files matched 'VI/Vivado/CPU/CPU.srcs/sources_1/ip/ROM/ROM.xci'
export_simulation -of_objects [get_files {{E:/IC/Mark VI/Vivado/CPU/CPU.srcs/sources_1/ip/ROM/ROM.xci}}] -directory {E:/IC/Mark VI/Vivado/CPU/CPU.ip_user_files/sim_scripts} -ip_user_files_dir {E:/IC/Mark VI/Vivado/CPU/CPU.ip_user_files} -ipstatic_source_dir {E:/IC/Mark VI/Vivado/CPU/CPU.ip_user_files/ipstatic} -lib_map_path [list {modelsim=E:/IC/Mark VI/Vivado/CPU/CPU.cache/compile_simlib/modelsim} {questa=E:/IC/Mark VI/Vivado/CPU/CPU.cache/compile_simlib/questa} {riviera=E:/IC/Mark VI/Vivado/CPU/CPU.cache/compile_simlib/riviera} {activehdl=E:/IC/Mark VI/Vivado/CPU/CPU.cache/compile_simlib/activehdl}] -use_ip_compiled_libs -force -quiet
launch_simulation
Command: launch_simulation 
INFO: [Vivado 12-12493] Simulation top is 'testbench'
WARNING: [Vivado 12-13340] Unable to auto find GCC executables from simulator install path! (path not set)
INFO: [Vivado 12-5698] Checking validity of IPs in the design for the 'XSim' simulator...
INFO: [Vivado 12-5682] Launching behavioral simulation in 'E:/IC/Mark VI/Vivado/CPU/CPU.sim/sim_1/behav/xsim'
INFO: [Vivado 12-4795] Using compiled simulation libraries for IPs
INFO: [SIM-utils-51] Simulation object is 'sim_1'
INFO: [SIM-utils-72] Using boost library from 'E:/Vivado/Vivado/2024.2/tps/boost_1_72_0'
INFO: [USF-XSim-7] Finding pre-compiled libraries...
INFO: [USF-XSim-11] File 'E:/Vivado/Vivado/2024.2/data/xsim/xsim.ini' copied to run dir:'E:/IC/Mark VI/Vivado/CPU/CPU.sim/sim_1/behav/xsim'
INFO: [SIM-utils-54] Inspecting design source files for 'testbench' in fileset 'sim_1'...
INFO: [SIM-utils-43] Exported 'E:/IC/Mark VI/Vivado/CPU/CPU.sim/sim_1/behav/xsim/ROM.mif'
INFO: [SIM-utils-43] Exported 'E:/IC/Mark VI/Vivado/CPU/CPU.sim/sim_1/behav/xsim/muldiv.coe'
INFO: [SIM-utils-43] Exported 'E:/IC/Mark VI/Vivado/CPU/CPU.sim/sim_1/behav/xsim/riscvtest.coe'
INFO: [SIM-utils-43] Exported 'E:/IC/Mark VI/Vivado/CPU/CPU.sim/sim_1/behav/xsim/ROM.coe'
INFO: [SIM-utils-43] Exported 'E:/IC/Mark VI/Vivado/CPU/CPU.sim/sim_1/behav/xsim/donkey.coe'
INFO: [SIM-utils-43] Exported 'E:/IC/Mark VI/Vivado/CPU/CPU.sim/sim_1/behav/xsim/donkey2.coe'
INFO: [USF-XSim-97] Finding global include files...
INFO: [USF-XSim-98] Fetching design files from 'sim_1'...
INFO: [USF-XSim-2] XSim::Compile design
INFO: [USF-XSim-61] Executing 'COMPILE and ANALYZE' step in 'E:/IC/Mark VI/Vivado/CPU/CPU.sim/sim_1/behav/xsim'
"xvlog --incr --relax -prj testbench_vlog.prj"
INFO: [VRFC 10-2263] Analyzing Verilog file "E:/IC/Mark VI/Vivado/CPU/CPU.gen/sources_1/ip/RAM/sim/RAM.v" into library xil_defaultlib
INFO: [VRFC 10-311] analyzing module RAM
INFO: [VRFC 10-2263] Analyzing Verilog file "E:/IC/Mark VI/Vivado/CPU/CPU.gen/sources_1/ip/ROM/sim/ROM.v" into library xil_defaultlib
INFO: [VRFC 10-311] analyzing module ROM
INFO: [VRFC 10-2263] Analyzing Verilog file "E:/IC/Mark VI/src/ALU.v" into library xil_defaultlib
INFO: [VRFC 10-311] analyzing module ALU
INFO: [VRFC 10-2263] Analyzing Verilog file "E:/IC/Mark VI/src/Adder.v" into library xil_defaultlib
INFO: [VRFC 10-311] analyzing module Adder
INFO: [VRFC 10-2263] Analyzing Verilog file "E:/IC/Mark VI/src/Booth/Booth.v" into library xil_defaultlib
INFO: [VRFC 10-311] analyzing module Booth
INFO: [VRFC 10-2263] Analyzing Verilog file "E:/IC/Mark VI/src/BranchUnit.v" into library xil_defaultlib
INFO: [VRFC 10-311] analyzing module BranchUnit
INFO: [VRFC 10-2263] Analyzing Verilog file "E:/IC/Mark VI/src/CPU.v" into library xil_defaultlib
INFO: [VRFC 10-311] analyzing module CPU
INFO: [VRFC 10-2263] Analyzing Verilog file "E:/IC/Mark VI/src/Booth/CSA.v" into library xil_defaultlib
INFO: [VRFC 10-311] analyzing module CSA
INFO: [VRFC 10-2263] Analyzing Verilog file "E:/IC/Mark VI/src/Control.v" into library xil_defaultlib
INFO: [VRFC 10-311] analyzing module Control
INFO: [VRFC 10-2263] Analyzing Verilog file "E:/IC/Mark VI/src/Divisor.v" into library xil_defaultlib
INFO: [VRFC 10-311] analyzing module Divisor
INFO: [VRFC 10-2263] Analyzing Verilog file "E:/IC/Mark VI/src/EXU.v" into library xil_defaultlib
INFO: [VRFC 10-311] analyzing module EXU
INFO: [VRFC 10-2263] Analyzing Verilog file "E:/IC/Mark VI/src/Extend.v" into library xil_defaultlib
INFO: [VRFC 10-311] analyzing module Extend
INFO: [VRFC 10-2263] Analyzing Verilog file "E:/IC/Mark VI/src/HazardControl.v" into library xil_defaultlib
INFO: [VRFC 10-311] analyzing module HazardControl
INFO: [VRFC 10-2263] Analyzing Verilog file "E:/IC/Mark VI/src/IDU.v" into library xil_defaultlib
INFO: [VRFC 10-311] analyzing module IDU
INFO: [VRFC 10-2263] Analyzing Verilog file "E:/IC/Mark VI/src/IFU.v" into library xil_defaultlib
INFO: [VRFC 10-311] analyzing module IFU
INFO: [VRFC 10-2263] Analyzing Verilog file "E:/IC/Aritmethic/Booth/Teste/Knowles.v" into library xil_defaultlib
INFO: [VRFC 10-311] analyzing module Knowles
INFO: [VRFC 10-2263] Analyzing Verilog file "E:/IC/Mark VI/src/LoadDecoder.v" into library xil_defaultlib
INFO: [VRFC 10-311] analyzing module LoadDecoder
INFO: [VRFC 10-2263] Analyzing Verilog file "E:/IC/Mark VI/src/MAU.v" into library xil_defaultlib
INFO: [VRFC 10-311] analyzing module MAU
INFO: [VRFC 10-2263] Analyzing Verilog file "E:/IC/Mark VI/src/Mux.v" into library xil_defaultlib
INFO: [VRFC 10-311] analyzing module Mux
INFO: [VRFC 10-2263] Analyzing Verilog file "E:/IC/Mark VI/src/Mux4x1.v" into library xil_defaultlib
INFO: [VRFC 10-311] analyzing module Mux4x1
INFO: [VRFC 10-2263] Analyzing Verilog file "E:/IC/Mark VI/src/Register.v" into library xil_defaultlib
INFO: [VRFC 10-311] analyzing module Register
INFO: [VRFC 10-2263] Analyzing Verilog file "E:/IC/Mark VI/src/RegisterFile.v" into library xil_defaultlib
INFO: [VRFC 10-311] analyzing module RegisterFile
INFO: [VRFC 10-2263] Analyzing Verilog file "E:/IC/Mark VI/src/StoreDecoder.v" into library xil_defaultlib
INFO: [VRFC 10-311] analyzing module StoreDecoder
INFO: [VRFC 10-2263] Analyzing Verilog file "E:/IC/Mark VI/src/WBU.v" into library xil_defaultlib
INFO: [VRFC 10-311] analyzing module WBU
INFO: [VRFC 10-2263] Analyzing Verilog file "E:/IC/Mark VI/tests/testbench.v" into library xil_defaultlib
INFO: [VRFC 10-311] analyzing module testbench
INFO: [USF-XSim-69] 'compile' step finished in '3' seconds
INFO: [USF-XSim-3] XSim::Elaborate design
INFO: [USF-XSim-61] Executing 'ELABORATE' step in 'E:/IC/Mark VI/Vivado/CPU/CPU.sim/sim_1/behav/xsim'
"xelab --incr --debug typical --relax --mt 2 -L xil_defaultlib -L blk_mem_gen_v8_4_9 -L dist_mem_gen_v8_0_15 -L unisims_ver -L unimacro_ver -L secureip -L xpm --snapshot testbench_behav xil_defaultlib.testbench xil_defaultlib.glbl -log elaborate.log"
Vivado Simulator v2024.2.0
Copyright 1986-2022 Xilinx, Inc. All Rights Reserved.
Copyright 2022-2024 Advanced Micro Devices, Inc. All Rights Reserved.
Running: E:/Vivado/Vivado/2024.2/bin/unwrapped/win64.o/xelab.exe --incr --debug typical --relax --mt 2 -L xil_defaultlib -L blk_mem_gen_v8_4_9 -L dist_mem_gen_v8_0_15 -L unisims_ver -L unimacro_ver -L secureip -L xpm --snapshot testbench_behav xil_defaultlib.testbench xil_defaultlib.glbl -log elaborate.log 
Using 2 slave threads.
Starting static elaboration
Pass Through NonSizing Optimizer
WARNING: [VRFC 10-3091] actual bit length 30 differs from formal bit length 8 for port 'a' [E:/IC/Mark VI/src/IFU.v:37]
WARNING: [VRFC 10-3091] actual bit length 30 differs from formal bit length 8 for port 'addra' [E:/IC/Mark VI/src/MAU.v:18]
Completed static elaboration
Starting simulation data flow analysis
Completed simulation data flow analysis
Time Resolution for simulation is 1ps
Compiling module xil_defaultlib.HazardControl
Compiling module xil_defaultlib.Mux
Compiling module xil_defaultlib.Register
Compiling module xil_defaultlib.Adder
Compiling module dist_mem_gen_v8_0_15.dist_mem_gen_v8_0_15(C_FAMILY="a...
Compiling module xil_defaultlib.ROM
Compiling module xil_defaultlib.IFU
Compiling module xil_defaultlib.Control
Compiling module xil_defaultlib.RegisterFile
Compiling module xil_defaultlib.Extend
Compiling module xil_defaultlib.IDU
Compiling module xil_defaultlib.Mux4x1
Compiling module xil_defaultlib.StoreDecoder
Compiling module xil_defaultlib.BranchUnit
Compiling module xil_defaultlib.ALU
Compiling module xil_defaultlib.Divisor
Compiling module xil_defaultlib.CSA
Compiling module xil_defaultlib.Knowles
Compiling module xil_defaultlib.Booth_default
Compiling module xil_defaultlib.EXU
Compiling module blk_mem_gen_v8_4_9.blk_mem_gen_v8_4_9_output_stage(...
Compiling module blk_mem_gen_v8_4_9.blk_mem_gen_v8_4_9_softecc_outpu...
Compiling module blk_mem_gen_v8_4_9.blk_mem_gen_v8_4_9_mem_module(C_...
Compiling module blk_mem_gen_v8_4_9.blk_mem_gen_v8_4_9(C_FAMILY="art...
Compiling module xil_defaultlib.RAM
Compiling module xil_defaultlib.MAU
Compiling module xil_defaultlib.LoadDecoder
Compiling module xil_defaultlib.WBU
Compiling module xil_defaultlib.CPU
Compiling module xil_defaultlib.testbench
Compiling module xil_defaultlib.glbl
Built simulation snapshot testbench_behav
run_program: Time (s): cpu = 00:00:01 ; elapsed = 00:00:09 . Memory (MB): peak = 3551.781 ; gain = 0.000
INFO: [USF-XSim-69] 'elaborate' step finished in '9' seconds
INFO: [USF-XSim-4] XSim::Simulate design
INFO: [USF-XSim-61] Executing 'SIMULATE' step in 'E:/IC/Mark VI/Vivado/CPU/CPU.sim/sim_1/behav/xsim'
INFO: [USF-XSim-98] *** Running xsim
   with args "testbench_behav -key {Behavioral:sim_1:Functional:testbench} -tclbatch {testbench.tcl} -log {simulate.log}"
INFO: [USF-XSim-8] Loading simulator feature
Time resolution is 1 ps
source testbench.tcl
# set curr_wave [current_wave_config]
# if { [string length $curr_wave] == 0 } {
#   if { [llength [get_objects]] > 0} {
#     add_wave /
#     set_property needs_save false [current_wave_config]
#   } else {
#      send_msg_id Add_Wave-1 WARNING "No top level signals found. Simulator will start without a wave window. If you want to open a wave window go to 'File->New Waveform Configuration' or type 'create_wave_config' in the TCL console."
#   }
# }
# run 1000ns
WARNING: This core is supplied with a behavioral model. To model cycle-accurate behavior you must run timing simulation.
Block Memory Generator module testbench.DUT.MemoryAccessUnit.DataMemory.inst.native_mem_module.blk_mem_gen_v8_4_9_inst is using a behavioral model for simulation which will not precisely model memory collision behavior.
INFO: [USF-XSim-96] XSim completed. Design snapshot 'testbench_behav' loaded.
INFO: [USF-XSim-97] XSim simulation ran for 1000ns
launch_simulation: Time (s): cpu = 00:00:05 ; elapsed = 00:00:15 . Memory (MB): peak = 3551.781 ; gain = 0.000
restart
INFO: [Wavedata 42-604] Simulation restarted
run all
WARNING: This core is supplied with a behavioral model. To model cycle-accurate behavior you must run timing simulation.
Block Memory Generator module testbench.DUT.MemoryAccessUnit.DataMemory.inst.native_mem_module.blk_mem_gen_v8_4_9_inst is using a behavioral model for simulation which will not precisely model memory collision behavior.
$finish called at time : 5010 ns : File "E:/IC/Mark VI/tests/testbench.v" Line 28
close_sim
INFO: [Simtcl 6-16] Simulation closed
WARNING: [filemgmt 56-199] Attempt to get parsing info during refresh. "On-the-fly" syntax checking information may be incorrect. [E:\IC\Mark VI\tests\testbench.v:]
WARNING: [filemgmt 56-199] Attempt to get parsing info during refresh. "On-the-fly" syntax checking information may be incorrect. [E:\IC\Aritmethic\Booth\Teste\Knowles.v:]
WARNING: [filemgmt 56-199] Attempt to get parsing info during refresh. "On-the-fly" syntax checking information may be incorrect. [E:\IC\Aritmethic\Booth\Teste\Knowles.v:]
WARNING: [filemgmt 56-199] Attempt to get parsing info during refresh. "On-the-fly" syntax checking information may be incorrect. [E:\IC\Aritmethic\Booth\Teste\Knowles.v:]
refresh_design
INFO: [Synth 8-7079] Multithreading enabled for synth_design using a maximum of 2 processes.
---------------------------------------------------------------------------------
Starting RTL Elaboration : Time (s): cpu = 00:00:19 ; elapsed = 00:00:10 . Memory (MB): peak = 3869.723 ; gain = 12.754
---------------------------------------------------------------------------------
INFO: [Synth 8-6157] synthesizing module 'CPU' [E:/IC/Mark VI/src/CPU.v:1]
INFO: [Synth 8-6157] synthesizing module 'HazardControl' [E:/IC/Mark VI/src/HazardControl.v:1]
INFO: [Synth 8-6155] done synthesizing module 'HazardControl' (0#1) [E:/IC/Mark VI/src/HazardControl.v:1]
INFO: [Synth 8-6157] synthesizing module 'IFU' [E:/IC/Mark VI/src/IFU.v:1]
INFO: [Synth 8-6157] synthesizing module 'Mux' [E:/IC/Mark VI/src/Mux.v:1]
INFO: [Synth 8-6155] done synthesizing module 'Mux' (0#1) [E:/IC/Mark VI/src/Mux.v:1]
INFO: [Synth 8-6157] synthesizing module 'Register' [E:/IC/Mark VI/src/Register.v:1]
INFO: [Synth 8-6155] done synthesizing module 'Register' (0#1) [E:/IC/Mark VI/src/Register.v:1]
INFO: [Synth 8-6157] synthesizing module 'Adder' [E:/IC/Mark VI/src/Adder.v:1]
INFO: [Synth 8-6155] done synthesizing module 'Adder' (0#1) [E:/IC/Mark VI/src/Adder.v:1]
INFO: [Synth 8-6157] synthesizing module 'ROM' [E:/IC/Mark VI/Vivado/CPU/.Xil/Vivado-18496-DESKTOP-IQB8PGC/realtime/ROM_stub.v:6]
INFO: [Synth 8-6155] done synthesizing module 'ROM' (0#1) [E:/IC/Mark VI/Vivado/CPU/.Xil/Vivado-18496-DESKTOP-IQB8PGC/realtime/ROM_stub.v:6]
WARNING: [Synth 8-689] width (30) of port connection 'a' does not match port width (8) of module 'ROM' [E:/IC/Mark VI/src/IFU.v:37]
INFO: [Synth 8-6155] done synthesizing module 'IFU' (0#1) [E:/IC/Mark VI/src/IFU.v:1]
INFO: [Synth 8-6157] synthesizing module 'IDU' [E:/IC/Mark VI/src/IDU.v:1]
INFO: [Synth 8-6157] synthesizing module 'Control' [E:/IC/Mark VI/src/Control.v:1]
INFO: [Synth 8-6155] done synthesizing module 'Control' (0#1) [E:/IC/Mark VI/src/Control.v:1]
INFO: [Synth 8-6157] synthesizing module 'RegisterFile' [E:/IC/Mark VI/src/RegisterFile.v:1]
INFO: [Synth 8-6155] done synthesizing module 'RegisterFile' (0#1) [E:/IC/Mark VI/src/RegisterFile.v:1]
INFO: [Synth 8-6157] synthesizing module 'Extend' [E:/IC/Mark VI/src/Extend.v:1]
INFO: [Synth 8-6155] done synthesizing module 'Extend' (0#1) [E:/IC/Mark VI/src/Extend.v:1]
INFO: [Synth 8-6155] done synthesizing module 'IDU' (0#1) [E:/IC/Mark VI/src/IDU.v:1]
INFO: [Synth 8-6157] synthesizing module 'EXU' [E:/IC/Mark VI/src/EXU.v:1]
INFO: [Synth 8-6157] synthesizing module 'Mux4x1' [E:/IC/Mark VI/src/Mux4x1.v:1]
INFO: [Synth 8-6155] done synthesizing module 'Mux4x1' (0#1) [E:/IC/Mark VI/src/Mux4x1.v:1]
INFO: [Synth 8-6157] synthesizing module 'StoreDecoder' [E:/IC/Mark VI/src/StoreDecoder.v:1]
INFO: [Synth 8-6155] done synthesizing module 'StoreDecoder' (0#1) [E:/IC/Mark VI/src/StoreDecoder.v:1]
INFO: [Synth 8-6157] synthesizing module 'BranchUnit' [E:/IC/Mark VI/src/BranchUnit.v:1]
INFO: [Synth 8-6155] done synthesizing module 'BranchUnit' (0#1) [E:/IC/Mark VI/src/BranchUnit.v:1]
INFO: [Synth 8-6157] synthesizing module 'ALU' [E:/IC/Mark VI/src/ALU.v:1]
INFO: [Synth 8-6155] done synthesizing module 'ALU' (0#1) [E:/IC/Mark VI/src/ALU.v:1]
INFO: [Synth 8-6157] synthesizing module 'Divisor' [E:/IC/Mark VI/src/Divisor.v:1]
INFO: [Synth 8-6155] done synthesizing module 'Divisor' (0#1) [E:/IC/Mark VI/src/Divisor.v:1]
INFO: [Synth 8-6157] synthesizing module 'Booth' [E:/IC/Mark VI/src/Booth/Booth.v:1]
INFO: [Synth 8-226] default block is never used [E:/IC/Mark VI/src/Booth/Booth.v:33]
INFO: [Synth 8-226] default block is never used [E:/IC/Mark VI/src/Booth/Booth.v:33]
INFO: [Synth 8-226] default block is never used [E:/IC/Mark VI/src/Booth/Booth.v:33]
INFO: [Synth 8-226] default block is never used [E:/IC/Mark VI/src/Booth/Booth.v:33]
INFO: [Synth 8-226] default block is never used [E:/IC/Mark VI/src/Booth/Booth.v:33]
INFO: [Synth 8-226] default block is never used [E:/IC/Mark VI/src/Booth/Booth.v:33]
INFO: [Synth 8-226] default block is never used [E:/IC/Mark VI/src/Booth/Booth.v:33]
INFO: [Synth 8-226] default block is never used [E:/IC/Mark VI/src/Booth/Booth.v:33]
INFO: [Synth 8-226] default block is never used [E:/IC/Mark VI/src/Booth/Booth.v:33]
INFO: [Synth 8-226] default block is never used [E:/IC/Mark VI/src/Booth/Booth.v:33]
INFO: [Synth 8-226] default block is never used [E:/IC/Mark VI/src/Booth/Booth.v:33]
INFO: [Synth 8-226] default block is never used [E:/IC/Mark VI/src/Booth/Booth.v:33]
INFO: [Synth 8-226] default block is never used [E:/IC/Mark VI/src/Booth/Booth.v:33]
INFO: [Synth 8-226] default block is never used [E:/IC/Mark VI/src/Booth/Booth.v:33]
INFO: [Synth 8-226] default block is never used [E:/IC/Mark VI/src/Booth/Booth.v:33]
INFO: [Synth 8-226] default block is never used [E:/IC/Mark VI/src/Booth/Booth.v:33]
INFO: [Synth 8-6157] synthesizing module 'CSA' [E:/IC/Mark VI/src/Booth/CSA.v:1]
INFO: [Synth 8-6155] done synthesizing module 'CSA' (0#1) [E:/IC/Mark VI/src/Booth/CSA.v:1]
INFO: [Synth 8-6157] synthesizing module 'Knowles' [E:/IC/Aritmethic/Booth/Teste/Knowles.v:1]
INFO: [Synth 8-6155] done synthesizing module 'Knowles' (0#1) [E:/IC/Aritmethic/Booth/Teste/Knowles.v:1]
WARNING: [Synth 8-7071] port 'Cout' of module 'Knowles' is unconnected for instance 'CPA' [E:/IC/Mark VI/src/Booth/Booth.v:109]
WARNING: [Synth 8-7023] instance 'CPA' of module 'Knowles' has 5 connections declared, but only 4 given [E:/IC/Mark VI/src/Booth/Booth.v:109]
INFO: [Synth 8-6155] done synthesizing module 'Booth' (0#1) [E:/IC/Mark VI/src/Booth/Booth.v:1]
INFO: [Synth 8-6155] done synthesizing module 'EXU' (0#1) [E:/IC/Mark VI/src/EXU.v:1]
INFO: [Synth 8-6157] synthesizing module 'MAU' [E:/IC/Mark VI/src/MAU.v:1]
INFO: [Synth 8-6157] synthesizing module 'RAM' [E:/IC/Mark VI/Vivado/CPU/.Xil/Vivado-18496-DESKTOP-IQB8PGC/realtime/RAM_stub.v:6]
INFO: [Synth 8-6155] done synthesizing module 'RAM' (0#1) [E:/IC/Mark VI/Vivado/CPU/.Xil/Vivado-18496-DESKTOP-IQB8PGC/realtime/RAM_stub.v:6]
WARNING: [Synth 8-689] width (30) of port connection 'addra' does not match port width (8) of module 'RAM' [E:/IC/Mark VI/src/MAU.v:18]
INFO: [Synth 8-6155] done synthesizing module 'MAU' (0#1) [E:/IC/Mark VI/src/MAU.v:1]
INFO: [Synth 8-6157] synthesizing module 'WBU' [E:/IC/Mark VI/src/WBU.v:1]
INFO: [Synth 8-6157] synthesizing module 'LoadDecoder' [E:/IC/Mark VI/src/LoadDecoder.v:1]
INFO: [Synth 8-6155] done synthesizing module 'LoadDecoder' (0#1) [E:/IC/Mark VI/src/LoadDecoder.v:1]
INFO: [Synth 8-6155] done synthesizing module 'WBU' (0#1) [E:/IC/Mark VI/src/WBU.v:1]
INFO: [Synth 8-6155] done synthesizing module 'CPU' (0#1) [E:/IC/Mark VI/src/CPU.v:1]
---------------------------------------------------------------------------------
Finished RTL Elaboration : Time (s): cpu = 00:00:23 ; elapsed = 00:00:13 . Memory (MB): peak = 3869.723 ; gain = 12.754
---------------------------------------------------------------------------------
---------------------------------------------------------------------------------
Start Handling Custom Attributes
---------------------------------------------------------------------------------
---------------------------------------------------------------------------------
Finished Handling Custom Attributes : Time (s): cpu = 00:00:23 ; elapsed = 00:00:13 . Memory (MB): peak = 3869.723 ; gain = 12.754
---------------------------------------------------------------------------------
---------------------------------------------------------------------------------
Finished RTL Optimization Phase 1 : Time (s): cpu = 00:00:23 ; elapsed = 00:00:13 . Memory (MB): peak = 3869.723 ; gain = 12.754
---------------------------------------------------------------------------------
INFO: [Project 1-454] Reading design checkpoint 'e:/IC/Mark VI/Vivado/CPU/CPU.gen/sources_1/ip/ROM/ROM.dcp' for cell 'InstructionFetchUnit/InstructionMemory'
INFO: [Project 1-454] Reading design checkpoint 'e:/IC/Mark VI/Vivado/CPU/CPU.gen/sources_1/ip/RAM/RAM.dcp' for cell 'MemoryAccessUnit/DataMemory'
Netlist sorting complete. Time (s): cpu = 00:00:01 ; elapsed = 00:00:00.172 . Memory (MB): peak = 3884.848 ; gain = 0.000
INFO: [Netlist 29-17] Analyzing 1 Unisim elements for replacement
INFO: [Netlist 29-28] Unisim Transformation completed in 0 CPU seconds
INFO: [Project 1-479] Netlist was created with Vivado 2024.2
INFO: [Project 1-570] Preparing netlist for logic optimization

Processing XDC Constraints
Initializing timing engine
Parsing XDC File [E:/IC/Mark VI/constraints/RISCV.xdc]
Finished Parsing XDC File [E:/IC/Mark VI/constraints/RISCV.xdc]
Completed Processing XDC Constraints

refresh_design: Time (s): cpu = 00:00:42 ; elapsed = 00:00:22 . Memory (MB): peak = 3884.848 ; gain = 27.879
synth_design -top CPU -part xc7a50tcsg324-3 -lint 
Command: synth_design -top CPU -part xc7a50tcsg324-3 -lint
Starting synth_design
Attempting to get a license for feature 'Synthesis' and/or device 'xc7a50t'
INFO: [Common 17-349] Got license for feature 'Synthesis' and/or device 'xc7a50t'
INFO: [Synth 8-7079] Multithreading enabled for synth_design using a maximum of 2 processes.
---------------------------------------------------------------------------------
Starting Synthesize : Time (s): cpu = 00:00:12 ; elapsed = 00:00:09 . Memory (MB): peak = 3884.848 ; gain = 0.000
---------------------------------------------------------------------------------
Clean up Linter database...
INFO: [Synth 8-6157] synthesizing module 'CPU' [E:/IC/Mark VI/src/CPU.v:1]
INFO: [Synth 8-6157] synthesizing module 'HazardControl' [E:/IC/Mark VI/src/HazardControl.v:1]
INFO: [Synth 8-6155] done synthesizing module 'HazardControl' (1#1) [E:/IC/Mark VI/src/HazardControl.v:1]
INFO: [Synth 8-6157] synthesizing module 'IFU' [E:/IC/Mark VI/src/IFU.v:1]
INFO: [Synth 8-6157] synthesizing module 'Mux' [E:/IC/Mark VI/src/Mux.v:1]
INFO: [Synth 8-6155] done synthesizing module 'Mux' (2#1) [E:/IC/Mark VI/src/Mux.v:1]
INFO: [Synth 8-6157] synthesizing module 'Register' [E:/IC/Mark VI/src/Register.v:1]
INFO: [Synth 8-6155] done synthesizing module 'Register' (3#1) [E:/IC/Mark VI/src/Register.v:1]
INFO: [Synth 8-6157] synthesizing module 'Adder' [E:/IC/Mark VI/src/Adder.v:1]
INFO: [Synth 8-6155] done synthesizing module 'Adder' (4#1) [E:/IC/Mark VI/src/Adder.v:1]
INFO: [Synth 8-6157] synthesizing module 'ROM' [E:/IC/Mark VI/Vivado/CPU/.Xil/Vivado-18496-DESKTOP-IQB8PGC/realtime/ROM_stub.v:6]
INFO: [Synth 8-6155] done synthesizing module 'ROM' (5#1) [E:/IC/Mark VI/Vivado/CPU/.Xil/Vivado-18496-DESKTOP-IQB8PGC/realtime/ROM_stub.v:6]
WARNING: [Synth 8-689] width (30) of port connection 'a' does not match port width (8) of module 'ROM' [E:/IC/Mark VI/src/IFU.v:37]
INFO: [Synth 8-6155] done synthesizing module 'IFU' (6#1) [E:/IC/Mark VI/src/IFU.v:1]
INFO: [Synth 8-6157] synthesizing module 'IDU' [E:/IC/Mark VI/src/IDU.v:1]
INFO: [Synth 8-6157] synthesizing module 'Control' [E:/IC/Mark VI/src/Control.v:1]
INFO: [Synth 8-6155] done synthesizing module 'Control' (7#1) [E:/IC/Mark VI/src/Control.v:1]
INFO: [Synth 8-6157] synthesizing module 'RegisterFile' [E:/IC/Mark VI/src/RegisterFile.v:1]
INFO: [Synth 8-6155] done synthesizing module 'RegisterFile' (8#1) [E:/IC/Mark VI/src/RegisterFile.v:1]
INFO: [Synth 8-6157] synthesizing module 'Extend' [E:/IC/Mark VI/src/Extend.v:1]
INFO: [Synth 8-6155] done synthesizing module 'Extend' (9#1) [E:/IC/Mark VI/src/Extend.v:1]
INFO: [Synth 8-6155] done synthesizing module 'IDU' (10#1) [E:/IC/Mark VI/src/IDU.v:1]
INFO: [Synth 8-6157] synthesizing module 'EXU' [E:/IC/Mark VI/src/EXU.v:1]
INFO: [Synth 8-6157] synthesizing module 'Mux4x1' [E:/IC/Mark VI/src/Mux4x1.v:1]
INFO: [Synth 8-6155] done synthesizing module 'Mux4x1' (11#1) [E:/IC/Mark VI/src/Mux4x1.v:1]
INFO: [Synth 8-6157] synthesizing module 'StoreDecoder' [E:/IC/Mark VI/src/StoreDecoder.v:1]
INFO: [Synth 8-6155] done synthesizing module 'StoreDecoder' (12#1) [E:/IC/Mark VI/src/StoreDecoder.v:1]
INFO: [Synth 8-6157] synthesizing module 'BranchUnit' [E:/IC/Mark VI/src/BranchUnit.v:1]
INFO: [Synth 8-6155] done synthesizing module 'BranchUnit' (13#1) [E:/IC/Mark VI/src/BranchUnit.v:1]
INFO: [Synth 8-6157] synthesizing module 'ALU' [E:/IC/Mark VI/src/ALU.v:1]
INFO: [Synth 8-6155] done synthesizing module 'ALU' (14#1) [E:/IC/Mark VI/src/ALU.v:1]
INFO: [Synth 8-6157] synthesizing module 'Divisor' [E:/IC/Mark VI/src/Divisor.v:1]
INFO: [Synth 8-6155] done synthesizing module 'Divisor' (15#1) [E:/IC/Mark VI/src/Divisor.v:1]
INFO: [Synth 8-6157] synthesizing module 'Booth' [E:/IC/Mark VI/src/Booth/Booth.v:1]
INFO: [Synth 8-226] default block is never used [E:/IC/Mark VI/src/Booth/Booth.v:33]
INFO: [Synth 8-226] default block is never used [E:/IC/Mark VI/src/Booth/Booth.v:33]
INFO: [Synth 8-226] default block is never used [E:/IC/Mark VI/src/Booth/Booth.v:33]
INFO: [Synth 8-226] default block is never used [E:/IC/Mark VI/src/Booth/Booth.v:33]
INFO: [Synth 8-226] default block is never used [E:/IC/Mark VI/src/Booth/Booth.v:33]
INFO: [Synth 8-226] default block is never used [E:/IC/Mark VI/src/Booth/Booth.v:33]
INFO: [Synth 8-226] default block is never used [E:/IC/Mark VI/src/Booth/Booth.v:33]
INFO: [Synth 8-226] default block is never used [E:/IC/Mark VI/src/Booth/Booth.v:33]
INFO: [Synth 8-226] default block is never used [E:/IC/Mark VI/src/Booth/Booth.v:33]
INFO: [Synth 8-226] default block is never used [E:/IC/Mark VI/src/Booth/Booth.v:33]
INFO: [Synth 8-226] default block is never used [E:/IC/Mark VI/src/Booth/Booth.v:33]
INFO: [Synth 8-226] default block is never used [E:/IC/Mark VI/src/Booth/Booth.v:33]
INFO: [Synth 8-226] default block is never used [E:/IC/Mark VI/src/Booth/Booth.v:33]
INFO: [Synth 8-226] default block is never used [E:/IC/Mark VI/src/Booth/Booth.v:33]
INFO: [Synth 8-226] default block is never used [E:/IC/Mark VI/src/Booth/Booth.v:33]
INFO: [Synth 8-226] default block is never used [E:/IC/Mark VI/src/Booth/Booth.v:33]
INFO: [Synth 8-6157] synthesizing module 'CSA' [E:/IC/Mark VI/src/Booth/CSA.v:1]
INFO: [Synth 8-6155] done synthesizing module 'CSA' (16#1) [E:/IC/Mark VI/src/Booth/CSA.v:1]
INFO: [Synth 8-6157] synthesizing module 'Knowles' [E:/IC/Aritmethic/Booth/Teste/Knowles.v:1]
INFO: [Synth 8-6155] done synthesizing module 'Knowles' (17#1) [E:/IC/Aritmethic/Booth/Teste/Knowles.v:1]
WARNING: [Synth 8-7071] port 'Cout' of module 'Knowles' is unconnected for instance 'CPA' [E:/IC/Mark VI/src/Booth/Booth.v:109]
WARNING: [Synth 8-7023] instance 'CPA' of module 'Knowles' has 5 connections declared, but only 4 given [E:/IC/Mark VI/src/Booth/Booth.v:109]
INFO: [Synth 8-6155] done synthesizing module 'Booth' (18#1) [E:/IC/Mark VI/src/Booth/Booth.v:1]
INFO: [Synth 8-6155] done synthesizing module 'EXU' (19#1) [E:/IC/Mark VI/src/EXU.v:1]
INFO: [Synth 8-6157] synthesizing module 'MAU' [E:/IC/Mark VI/src/MAU.v:1]
INFO: [Synth 8-6157] synthesizing module 'RAM' [E:/IC/Mark VI/Vivado/CPU/.Xil/Vivado-18496-DESKTOP-IQB8PGC/realtime/RAM_stub.v:6]
INFO: [Synth 8-6155] done synthesizing module 'RAM' (20#1) [E:/IC/Mark VI/Vivado/CPU/.Xil/Vivado-18496-DESKTOP-IQB8PGC/realtime/RAM_stub.v:6]
WARNING: [Synth 8-689] width (30) of port connection 'addra' does not match port width (8) of module 'RAM' [E:/IC/Mark VI/src/MAU.v:18]
INFO: [Synth 8-6155] done synthesizing module 'MAU' (21#1) [E:/IC/Mark VI/src/MAU.v:1]
INFO: [Synth 8-6157] synthesizing module 'WBU' [E:/IC/Mark VI/src/WBU.v:1]
INFO: [Synth 8-6157] synthesizing module 'LoadDecoder' [E:/IC/Mark VI/src/LoadDecoder.v:1]
INFO: [Synth 8-6155] done synthesizing module 'LoadDecoder' (22#1) [E:/IC/Mark VI/src/LoadDecoder.v:1]
INFO: [Synth 8-6155] done synthesizing module 'WBU' (23#1) [E:/IC/Mark VI/src/WBU.v:1]
INFO: [Synth 8-6155] done synthesizing module 'CPU' (24#1) [E:/IC/Mark VI/src/CPU.v:1]
---------------------------------------------------------------------------------
Finished Synthesize : Time (s): cpu = 00:00:15 ; elapsed = 00:00:12 . Memory (MB): peak = 3884.848 ; gain = 0.000
---------------------------------------------------------------------------------
Copyright 1986-2022 Xilinx, Inc. All Rights Reserved. Copyright 2022-2024 Advanced Micro Devices, Inc. All Rights Reserved.
---------------------------------------------------------------------------------------------------------------------------------------------
| Tool Version : Vivado v.2024.2 (win64) Build 5239630 Fri Nov 08 22:35:27 MST 2024
| Date         : Tue May 20 22:05:21 2025
| Host         : DESKTOP-IQB8PGC running 64-bit major release  (build 9200)
---------------------------------------------------------------------------------------------------------------------------------------------

RTL Linter Report

Table of Contents
-----------------
1. Summary

1. Summary
----------

+----------+------------------+--------------+----------+
| Rule ID  | Severity         | # Violations | # Waived |
+----------+------------------+--------------+----------+
| ASSIGN-5 | WARNING          | 1            | 0        |
| ASSIGN-6 | WARNING          | 16           | 0        |
| RESET-3  | CRITICAL WARNING | 1            | 0        |
+----------+------------------+--------------+----------+


WARNING: [Synth 37-124] [ASSIGN-5]Some bits in 'ii' are not set. First unset bit index is 0. 
RTL Name 'ii', Hierarchy 'Booth', File 'Booth.v', Line 16.
WARNING: [Synth 37-123] [ASSIGN-6]Some bits in 'C0' are not read. First unread bit index is 63. 
RTL Name 'C0', Hierarchy 'Booth', File 'Booth.v', Line 54.
WARNING: [Synth 37-123] [ASSIGN-6]Some bits in 'C1' are not read. First unread bit index is 63. 
RTL Name 'C1', Hierarchy 'Booth', File 'Booth.v', Line 54.
WARNING: [Synth 37-123] [ASSIGN-6]Some bits in 'C10' are not read. First unread bit index is 63. 
RTL Name 'C10', Hierarchy 'Booth', File 'Booth.v', Line 76.
WARNING: [Synth 37-123] [ASSIGN-6]Some bits in 'C11' are not read. First unread bit index is 63. 
RTL Name 'C11', Hierarchy 'Booth', File 'Booth.v', Line 76.
WARNING: [Synth 37-123] [ASSIGN-6]Some bits in 'C12' are not read. First unread bit index is 63. 
RTL Name 'C12', Hierarchy 'Booth', File 'Booth.v', Line 82.
WARNING: [Synth 37-123] [ASSIGN-6]Some bits in 'C13_reg' are not read. First unread bit index is 63. 
RTL Name 'C13_reg', Hierarchy 'Booth', File 'Booth.v', Line 90.
WARNING: [Synth 37-123] [ASSIGN-6]Some bits in 'C2' are not read. First unread bit index is 63. 
RTL Name 'C2', Hierarchy 'Booth', File 'Booth.v', Line 54.
WARNING: [Synth 37-123] [ASSIGN-6]Some bits in 'C3' are not read. First unread bit index is 63. 
RTL Name 'C3', Hierarchy 'Booth', File 'Booth.v', Line 54.
WARNING: [Synth 37-123] [ASSIGN-6]Some bits in 'C4' are not read. First unread bit index is 63. 
RTL Name 'C4', Hierarchy 'Booth', File 'Booth.v', Line 54.
WARNING: [Synth 37-123] [ASSIGN-6]Some bits in 'C5' are not read. First unread bit index is 63. 
RTL Name 'C5', Hierarchy 'Booth', File 'Booth.v', Line 63.
WARNING: [Synth 37-123] [ASSIGN-6]Some bits in 'C6' are not read. First unread bit index is 63. 
RTL Name 'C6', Hierarchy 'Booth', File 'Booth.v', Line 63.
WARNING: [Synth 37-123] [ASSIGN-6]Some bits in 'C7' are not read. First unread bit index is 63. 
RTL Name 'C7', Hierarchy 'Booth', File 'Booth.v', Line 63.
WARNING: [Synth 37-123] [ASSIGN-6]Some bits in 'C8' are not read. First unread bit index is 63. 
RTL Name 'C8', Hierarchy 'Booth', File 'Booth.v', Line 70.
WARNING: [Synth 37-123] [ASSIGN-6]Some bits in 'C9' are not read. First unread bit index is 63. 
RTL Name 'C9', Hierarchy 'Booth', File 'Booth.v', Line 70.
CRITICAL WARNING: [Synth 37-111] [RESET-3]Synchronous reset not found on register Q_reg and its enable logic contains synchronous reset in same always/process block.
RTL Name 'Q_reg', Hierarchy 'Divisor', File 'E:/IC/Mark VI/src/Divisor.v', Line 21.
WARNING: [Synth 37-123] [ASSIGN-6]Some bits in 'G6' are not read. First unread bit index is 63. 
RTL Name 'G6', Hierarchy 'Knowles', File 'Knowles.v', Line 9.
WARNING: [Synth 37-123] [ASSIGN-6]Some bits in 'P5' are not read. First unread bit index is 0. 
RTL Name 'P5', Hierarchy 'Knowles', File 'Knowles.v', Line 9.
INFO: [Synth 37-85] Total of 18 linter message(s) generated.
INFO: [Synth 37-45] Linter Run Finished!
Synthesis Optimization Runtime : Time (s): cpu = 00:00:15 ; elapsed = 00:00:12 . Memory (MB): peak = 3884.848 ; gain = 0.000
INFO: [Common 17-83] Releasing license: Synthesis
69 Infos, 21 Warnings, 1 Critical Warnings and 0 Errors encountered.
synth_design completed successfully
synth_design: Time (s): cpu = 00:00:15 ; elapsed = 00:00:12 . Memory (MB): peak = 3884.848 ; gain = 0.000
reset_run synth_1
INFO: [Project 1-1161] Replacing file E:/IC/Mark VI/Vivado/CPU/CPU.srcs/utils_1/imports/synth_1/CPU.dcp with file E:/IC/Mark VI/Vivado/CPU/CPU.runs/synth_1/CPU.dcp
launch_runs impl_1 -jobs 12
[Tue May 20 22:05:41 2025] Launched synth_1...
Run output will be captured here: E:/IC/Mark VI/Vivado/CPU/CPU.runs/synth_1/runme.log
[Tue May 20 22:05:41 2025] Launched impl_1...
Run output will be captured here: E:/IC/Mark VI/Vivado/CPU/CPU.runs/impl_1/runme.log
synth_design -top CPU -part xc7a50tcsg324-3 -lint 
Command: synth_design -top CPU -part xc7a50tcsg324-3 -lint
Starting synth_design
Attempting to get a license for feature 'Synthesis' and/or device 'xc7a50t'
INFO: [Common 17-349] Got license for feature 'Synthesis' and/or device 'xc7a50t'
INFO: [Synth 8-7079] Multithreading enabled for synth_design using a maximum of 2 processes.
---------------------------------------------------------------------------------
Starting Synthesize : Time (s): cpu = 00:00:10 ; elapsed = 00:00:09 . Memory (MB): peak = 3884.848 ; gain = 0.000
---------------------------------------------------------------------------------
Clean up Linter database...
INFO: [Synth 8-6157] synthesizing module 'CPU' [E:/IC/Mark VI/src/CPU.v:1]
INFO: [Synth 8-6157] synthesizing module 'HazardControl' [E:/IC/Mark VI/src/HazardControl.v:1]
INFO: [Synth 8-6155] done synthesizing module 'HazardControl' (1#1) [E:/IC/Mark VI/src/HazardControl.v:1]
INFO: [Synth 8-6157] synthesizing module 'IFU' [E:/IC/Mark VI/src/IFU.v:1]
INFO: [Synth 8-6157] synthesizing module 'Mux' [E:/IC/Mark VI/src/Mux.v:1]
INFO: [Synth 8-6155] done synthesizing module 'Mux' (2#1) [E:/IC/Mark VI/src/Mux.v:1]
INFO: [Synth 8-6157] synthesizing module 'Register' [E:/IC/Mark VI/src/Register.v:1]
INFO: [Synth 8-6155] done synthesizing module 'Register' (3#1) [E:/IC/Mark VI/src/Register.v:1]
INFO: [Synth 8-6157] synthesizing module 'Adder' [E:/IC/Mark VI/src/Adder.v:1]
INFO: [Synth 8-6155] done synthesizing module 'Adder' (4#1) [E:/IC/Mark VI/src/Adder.v:1]
INFO: [Synth 8-6157] synthesizing module 'ROM' [E:/IC/Mark VI/Vivado/CPU/.Xil/Vivado-18496-DESKTOP-IQB8PGC/realtime/ROM_stub.v:6]
INFO: [Synth 8-6155] done synthesizing module 'ROM' (5#1) [E:/IC/Mark VI/Vivado/CPU/.Xil/Vivado-18496-DESKTOP-IQB8PGC/realtime/ROM_stub.v:6]
WARNING: [Synth 8-689] width (30) of port connection 'a' does not match port width (8) of module 'ROM' [E:/IC/Mark VI/src/IFU.v:37]
INFO: [Synth 8-6155] done synthesizing module 'IFU' (6#1) [E:/IC/Mark VI/src/IFU.v:1]
INFO: [Synth 8-6157] synthesizing module 'IDU' [E:/IC/Mark VI/src/IDU.v:1]
INFO: [Synth 8-6157] synthesizing module 'Control' [E:/IC/Mark VI/src/Control.v:1]
INFO: [Synth 8-6155] done synthesizing module 'Control' (7#1) [E:/IC/Mark VI/src/Control.v:1]
INFO: [Synth 8-6157] synthesizing module 'RegisterFile' [E:/IC/Mark VI/src/RegisterFile.v:1]
INFO: [Synth 8-6155] done synthesizing module 'RegisterFile' (8#1) [E:/IC/Mark VI/src/RegisterFile.v:1]
INFO: [Synth 8-6157] synthesizing module 'Extend' [E:/IC/Mark VI/src/Extend.v:1]
INFO: [Synth 8-6155] done synthesizing module 'Extend' (9#1) [E:/IC/Mark VI/src/Extend.v:1]
INFO: [Synth 8-6155] done synthesizing module 'IDU' (10#1) [E:/IC/Mark VI/src/IDU.v:1]
INFO: [Synth 8-6157] synthesizing module 'EXU' [E:/IC/Mark VI/src/EXU.v:1]
INFO: [Synth 8-6157] synthesizing module 'Mux4x1' [E:/IC/Mark VI/src/Mux4x1.v:1]
INFO: [Synth 8-6155] done synthesizing module 'Mux4x1' (11#1) [E:/IC/Mark VI/src/Mux4x1.v:1]
INFO: [Synth 8-6157] synthesizing module 'StoreDecoder' [E:/IC/Mark VI/src/StoreDecoder.v:1]
INFO: [Synth 8-6155] done synthesizing module 'StoreDecoder' (12#1) [E:/IC/Mark VI/src/StoreDecoder.v:1]
INFO: [Synth 8-6157] synthesizing module 'BranchUnit' [E:/IC/Mark VI/src/BranchUnit.v:1]
INFO: [Synth 8-6155] done synthesizing module 'BranchUnit' (13#1) [E:/IC/Mark VI/src/BranchUnit.v:1]
INFO: [Synth 8-6157] synthesizing module 'ALU' [E:/IC/Mark VI/src/ALU.v:1]
INFO: [Synth 8-6155] done synthesizing module 'ALU' (14#1) [E:/IC/Mark VI/src/ALU.v:1]
INFO: [Synth 8-6157] synthesizing module 'Divisor' [E:/IC/Mark VI/src/Divisor.v:1]
INFO: [Synth 8-6155] done synthesizing module 'Divisor' (15#1) [E:/IC/Mark VI/src/Divisor.v:1]
INFO: [Synth 8-6157] synthesizing module 'Booth' [E:/IC/Mark VI/src/Booth/Booth.v:1]
INFO: [Synth 8-226] default block is never used [E:/IC/Mark VI/src/Booth/Booth.v:33]
INFO: [Synth 8-226] default block is never used [E:/IC/Mark VI/src/Booth/Booth.v:33]
INFO: [Synth 8-226] default block is never used [E:/IC/Mark VI/src/Booth/Booth.v:33]
INFO: [Synth 8-226] default block is never used [E:/IC/Mark VI/src/Booth/Booth.v:33]
INFO: [Synth 8-226] default block is never used [E:/IC/Mark VI/src/Booth/Booth.v:33]
INFO: [Synth 8-226] default block is never used [E:/IC/Mark VI/src/Booth/Booth.v:33]
INFO: [Synth 8-226] default block is never used [E:/IC/Mark VI/src/Booth/Booth.v:33]
INFO: [Synth 8-226] default block is never used [E:/IC/Mark VI/src/Booth/Booth.v:33]
INFO: [Synth 8-226] default block is never used [E:/IC/Mark VI/src/Booth/Booth.v:33]
INFO: [Synth 8-226] default block is never used [E:/IC/Mark VI/src/Booth/Booth.v:33]
INFO: [Synth 8-226] default block is never used [E:/IC/Mark VI/src/Booth/Booth.v:33]
INFO: [Synth 8-226] default block is never used [E:/IC/Mark VI/src/Booth/Booth.v:33]
INFO: [Synth 8-226] default block is never used [E:/IC/Mark VI/src/Booth/Booth.v:33]
INFO: [Synth 8-226] default block is never used [E:/IC/Mark VI/src/Booth/Booth.v:33]
INFO: [Synth 8-226] default block is never used [E:/IC/Mark VI/src/Booth/Booth.v:33]
INFO: [Synth 8-226] default block is never used [E:/IC/Mark VI/src/Booth/Booth.v:33]
INFO: [Synth 8-6157] synthesizing module 'CSA' [E:/IC/Mark VI/src/Booth/CSA.v:1]
INFO: [Synth 8-6155] done synthesizing module 'CSA' (16#1) [E:/IC/Mark VI/src/Booth/CSA.v:1]
INFO: [Synth 8-6157] synthesizing module 'Knowles' [E:/IC/Aritmethic/Booth/Teste/Knowles.v:1]
INFO: [Synth 8-6155] done synthesizing module 'Knowles' (17#1) [E:/IC/Aritmethic/Booth/Teste/Knowles.v:1]
WARNING: [Synth 8-7071] port 'Cout' of module 'Knowles' is unconnected for instance 'CPA' [E:/IC/Mark VI/src/Booth/Booth.v:109]
WARNING: [Synth 8-7023] instance 'CPA' of module 'Knowles' has 5 connections declared, but only 4 given [E:/IC/Mark VI/src/Booth/Booth.v:109]
INFO: [Synth 8-6155] done synthesizing module 'Booth' (18#1) [E:/IC/Mark VI/src/Booth/Booth.v:1]
INFO: [Synth 8-6155] done synthesizing module 'EXU' (19#1) [E:/IC/Mark VI/src/EXU.v:1]
INFO: [Synth 8-6157] synthesizing module 'MAU' [E:/IC/Mark VI/src/MAU.v:1]
INFO: [Synth 8-6157] synthesizing module 'RAM' [E:/IC/Mark VI/Vivado/CPU/.Xil/Vivado-18496-DESKTOP-IQB8PGC/realtime/RAM_stub.v:6]
INFO: [Synth 8-6155] done synthesizing module 'RAM' (20#1) [E:/IC/Mark VI/Vivado/CPU/.Xil/Vivado-18496-DESKTOP-IQB8PGC/realtime/RAM_stub.v:6]
WARNING: [Synth 8-689] width (30) of port connection 'addra' does not match port width (8) of module 'RAM' [E:/IC/Mark VI/src/MAU.v:18]
INFO: [Synth 8-6155] done synthesizing module 'MAU' (21#1) [E:/IC/Mark VI/src/MAU.v:1]
INFO: [Synth 8-6157] synthesizing module 'WBU' [E:/IC/Mark VI/src/WBU.v:1]
INFO: [Synth 8-6157] synthesizing module 'LoadDecoder' [E:/IC/Mark VI/src/LoadDecoder.v:1]
INFO: [Synth 8-6155] done synthesizing module 'LoadDecoder' (22#1) [E:/IC/Mark VI/src/LoadDecoder.v:1]
INFO: [Synth 8-6155] done synthesizing module 'WBU' (23#1) [E:/IC/Mark VI/src/WBU.v:1]
INFO: [Synth 8-6155] done synthesizing module 'CPU' (24#1) [E:/IC/Mark VI/src/CPU.v:1]
---------------------------------------------------------------------------------
Finished Synthesize : Time (s): cpu = 00:00:13 ; elapsed = 00:00:12 . Memory (MB): peak = 3884.848 ; gain = 0.000
---------------------------------------------------------------------------------
Copyright 1986-2022 Xilinx, Inc. All Rights Reserved. Copyright 2022-2024 Advanced Micro Devices, Inc. All Rights Reserved.
---------------------------------------------------------------------------------------------------------------------------------------------
| Tool Version : Vivado v.2024.2 (win64) Build 5239630 Fri Nov 08 22:35:27 MST 2024
| Date         : Tue May 20 22:05:54 2025
| Host         : DESKTOP-IQB8PGC running 64-bit major release  (build 9200)
---------------------------------------------------------------------------------------------------------------------------------------------

RTL Linter Report

Table of Contents
-----------------
1. Summary

1. Summary
----------

+----------+------------------+--------------+----------+
| Rule ID  | Severity         | # Violations | # Waived |
+----------+------------------+--------------+----------+
| ASSIGN-5 | WARNING          | 1            | 0        |
| ASSIGN-6 | WARNING          | 16           | 0        |
| RESET-3  | CRITICAL WARNING | 1            | 0        |
+----------+------------------+--------------+----------+


WARNING: [Synth 37-124] [ASSIGN-5]Some bits in 'ii' are not set. First unset bit index is 0. 
RTL Name 'ii', Hierarchy 'Booth', File 'Booth.v', Line 16.
WARNING: [Synth 37-123] [ASSIGN-6]Some bits in 'C0' are not read. First unread bit index is 63. 
RTL Name 'C0', Hierarchy 'Booth', File 'Booth.v', Line 54.
WARNING: [Synth 37-123] [ASSIGN-6]Some bits in 'C1' are not read. First unread bit index is 63. 
RTL Name 'C1', Hierarchy 'Booth', File 'Booth.v', Line 54.
WARNING: [Synth 37-123] [ASSIGN-6]Some bits in 'C10' are not read. First unread bit index is 63. 
RTL Name 'C10', Hierarchy 'Booth', File 'Booth.v', Line 76.
WARNING: [Synth 37-123] [ASSIGN-6]Some bits in 'C11' are not read. First unread bit index is 63. 
RTL Name 'C11', Hierarchy 'Booth', File 'Booth.v', Line 76.
WARNING: [Synth 37-123] [ASSIGN-6]Some bits in 'C12' are not read. First unread bit index is 63. 
RTL Name 'C12', Hierarchy 'Booth', File 'Booth.v', Line 82.
WARNING: [Synth 37-123] [ASSIGN-6]Some bits in 'C13_reg' are not read. First unread bit index is 63. 
RTL Name 'C13_reg', Hierarchy 'Booth', File 'Booth.v', Line 90.
WARNING: [Synth 37-123] [ASSIGN-6]Some bits in 'C2' are not read. First unread bit index is 63. 
RTL Name 'C2', Hierarchy 'Booth', File 'Booth.v', Line 54.
WARNING: [Synth 37-123] [ASSIGN-6]Some bits in 'C3' are not read. First unread bit index is 63. 
RTL Name 'C3', Hierarchy 'Booth', File 'Booth.v', Line 54.
WARNING: [Synth 37-123] [ASSIGN-6]Some bits in 'C4' are not read. First unread bit index is 63. 
RTL Name 'C4', Hierarchy 'Booth', File 'Booth.v', Line 54.
WARNING: [Synth 37-123] [ASSIGN-6]Some bits in 'C5' are not read. First unread bit index is 63. 
RTL Name 'C5', Hierarchy 'Booth', File 'Booth.v', Line 63.
WARNING: [Synth 37-123] [ASSIGN-6]Some bits in 'C6' are not read. First unread bit index is 63. 
RTL Name 'C6', Hierarchy 'Booth', File 'Booth.v', Line 63.
WARNING: [Synth 37-123] [ASSIGN-6]Some bits in 'C7' are not read. First unread bit index is 63. 
RTL Name 'C7', Hierarchy 'Booth', File 'Booth.v', Line 63.
WARNING: [Synth 37-123] [ASSIGN-6]Some bits in 'C8' are not read. First unread bit index is 63. 
RTL Name 'C8', Hierarchy 'Booth', File 'Booth.v', Line 70.
WARNING: [Synth 37-123] [ASSIGN-6]Some bits in 'C9' are not read. First unread bit index is 63. 
RTL Name 'C9', Hierarchy 'Booth', File 'Booth.v', Line 70.
CRITICAL WARNING: [Synth 37-111] [RESET-3]Synchronous reset not found on register Q_reg and its enable logic contains synchronous reset in same always/process block.
RTL Name 'Q_reg', Hierarchy 'Divisor', File 'E:/IC/Mark VI/src/Divisor.v', Line 21.
WARNING: [Synth 37-123] [ASSIGN-6]Some bits in 'G6' are not read. First unread bit index is 63. 
RTL Name 'G6', Hierarchy 'Knowles', File 'Knowles.v', Line 9.
WARNING: [Synth 37-123] [ASSIGN-6]Some bits in 'P5' are not read. First unread bit index is 0. 
RTL Name 'P5', Hierarchy 'Knowles', File 'Knowles.v', Line 9.
INFO: [Synth 37-85] Total of 18 linter message(s) generated.
INFO: [Synth 37-45] Linter Run Finished!
Synthesis Optimization Runtime : Time (s): cpu = 00:00:13 ; elapsed = 00:00:12 . Memory (MB): peak = 3884.848 ; gain = 0.000
INFO: [Common 17-83] Releasing license: Synthesis
69 Infos, 21 Warnings, 1 Critical Warnings and 0 Errors encountered.
synth_design completed successfully
synth_design: Time (s): cpu = 00:00:13 ; elapsed = 00:00:12 . Memory (MB): peak = 3884.848 ; gain = 0.000
close_design
open_run impl_1
Netlist sorting complete. Time (s): cpu = 00:00:00 ; elapsed = 00:00:00.072 . Memory (MB): peak = 3884.848 ; gain = 0.000
INFO: [Netlist 29-17] Analyzing 308 Unisim elements for replacement
INFO: [Netlist 29-28] Unisim Transformation completed in 0 CPU seconds
INFO: [Project 1-479] Netlist was created with Vivado 2024.2
INFO: [Project 1-570] Preparing netlist for logic optimization
Read ShapeDB Complete: Time (s): cpu = 00:00:00 ; elapsed = 00:00:00.019 . Memory (MB): peak = 3884.848 ; gain = 0.000
INFO: [Timing 38-478] Restoring timing data from binary archive.
INFO: [Timing 38-479] Binary timing data restore complete.
INFO: [Project 1-856] Restoring constraints from binary archive.
INFO: [Project 1-853] Binary constraint restore complete.
INFO: [Designutils 20-5722] Start Reading Physical Databases.
Reading placement.
Read Netlist Cache: Time (s): cpu = 00:00:00 ; elapsed = 00:00:00.008 . Memory (MB): peak = 3884.848 ; gain = 0.000
Reading placer database...
Read Device Cache: Time (s): cpu = 00:00:00 ; elapsed = 00:00:00.009 . Memory (MB): peak = 3884.848 ; gain = 0.000
Read PlaceDB: Time (s): cpu = 00:00:00 ; elapsed = 00:00:00.236 . Memory (MB): peak = 3884.848 ; gain = 0.000
Read PulsedLatchDB: Time (s): cpu = 00:00:00 ; elapsed = 00:00:00 . Memory (MB): peak = 3884.848 ; gain = 0.000
Reading routing.
Read RouteStorage: Time (s): cpu = 00:00:00 ; elapsed = 00:00:00.090 . Memory (MB): peak = 3884.848 ; gain = 0.000
Read Physdb Files: Time (s): cpu = 00:00:00 ; elapsed = 00:00:00.363 . Memory (MB): peak = 3884.848 ; gain = 0.000
Restored from archive | CPU: 0.000000 secs | Memory: 0.000000 MB |
Finished XDEF File Restore: Time (s): cpu = 00:00:00 ; elapsed = 00:00:00.363 . Memory (MB): peak = 3884.848 ; gain = 0.000
Netlist sorting complete. Time (s): cpu = 00:00:00 ; elapsed = 00:00:00.001 . Memory (MB): peak = 3884.848 ; gain = 0.000
INFO: [Project 1-111] Unisim Transformation Summary:
  A total of 14 instances were transformed.
  RAM32M => RAM32M (inverted pins: WCLK) (RAMD32(x6), RAMS32(x2)): 10 instances
  RAM32X1D => RAM32X1D (inverted pins: WCLK) (RAMD32(x2)): 4 instances

open_run: Time (s): cpu = 00:00:20 ; elapsed = 00:00:15 . Memory (MB): peak = 3884.848 ; gain = 0.000
exit
INFO: [Common 17-206] Exiting Vivado at Tue May 20 22:13:42 2025...
